This is XeTeX, Version 3.14159265-2.6-0.999991 (TeX Live 2019/Debian) (preloaded format=xelatex 2024.9.16)  21 MAY 2026 12:01
entering extended mode
 restricted \write18 enabled.
 %&-line parsing enabled.
**book.tex
(./book.tex
LaTeX2e <2020-02-02> patch level 2
L3 programming layer <2020-02-14> (./jupyterBook.cls
Document Class: jupyterBook 2020/11/06
(/usr/share/texlive/texmf-dist/tex/latex/xcolor/xcolor.sty
Package: xcolor 2016/05/11 v2.12 LaTeX color extensions (UK)

(/usr/share/texlive/texmf-dist/tex/latex/graphics-cfg/color.cfg
File: color.cfg 2016/01/02 v1.6 sample color configuration
)
Package xcolor Info: Driver file: xetex.def on input line 225.

(/usr/share/texlive/texmf-dist/tex/latex/graphics-def/xetex.def
File: xetex.def 2017/06/24 v5.0h Graphics/color driver for xetex
)
Package xcolor Info: Model `cmy' substituted by `cmy0' on input line 1348.
Package xcolor Info: Model `RGB' extended on input line 1364.
Package xcolor Info: Model `HTML' substituted by `rgb' on input line 1366.
Package xcolor Info: Model `Hsb' substituted by `hsb' on input line 1367.
Package xcolor Info: Model `tHsb' substituted by `hsb' on input line 1368.
Package xcolor Info: Model `HSB' substituted by `hsb' on input line 1369.
Package xcolor Info: Model `Gray' substituted by `gray' on input line 1370.
Package xcolor Info: Model `wave' substituted by `hsb' on input line 1371.
)
(/usr/share/texlive/texmf-dist/tex/latex/base/inputenc.sty
Package: inputenc 2018/08/11 v1.3c Input encoding file
\inpenc@prehook=\toks14
\inpenc@posthook=\toks15


Package inputenc Warning: inputenc package ignored with utf8 based engines.

) (/usr/share/texlive/texmf-dist/tex/latex/graphics/graphicx.sty
Package: graphicx 2019/11/30 v1.2a Enhanced LaTeX Graphics (DPC,SPQR)

(/usr/share/texlive/texmf-dist/tex/latex/graphics/keyval.sty
Package: keyval 2014/10/28 v1.15 key=value parser (DPC)
\KV@toks@=\toks16
)
(/usr/share/texlive/texmf-dist/tex/latex/graphics/graphics.sty
Package: graphics 2019/11/30 v1.4a Standard LaTeX Graphics (DPC,SPQR)

(/usr/share/texlive/texmf-dist/tex/latex/graphics/trig.sty
Package: trig 2016/01/03 v1.10 sin cos tan (DPC)
)
(/usr/share/texlive/texmf-dist/tex/latex/graphics-cfg/graphics.cfg
File: graphics.cfg 2016/06/04 v1.11 sample graphics configuration
)
Package graphics Info: Driver file: xetex.def on input line 105.
)
\Gin@req@height=\dimen134
\Gin@req@width=\dimen135
)
(/usr/share/texlive/texmf-dist/tex/latex/amsmath/amsmath.sty
Package: amsmath 2020/01/20 v2.17e AMS math features
\@mathmargin=\skip47

For additional information on amsmath, use the `?' option.
(/usr/share/texlive/texmf-dist/tex/latex/amsmath/amstext.sty
Package: amstext 2000/06/29 v2.01 AMS text

(/usr/share/texlive/texmf-dist/tex/latex/amsmath/amsgen.sty
File: amsgen.sty 1999/11/30 v2.0 generic functions
\@emptytoks=\toks17
\ex@=\dimen136
))
(/usr/share/texlive/texmf-dist/tex/latex/amsmath/amsbsy.sty
Package: amsbsy 1999/11/29 v1.2d Bold Symbols
\pmbraise@=\dimen137
)
(/usr/share/texlive/texmf-dist/tex/latex/amsmath/amsopn.sty
Package: amsopn 2016/03/08 v2.02 operator names
)
\inf@bad=\count163
LaTeX Info: Redefining \frac on input line 227.
\uproot@=\count164
\leftroot@=\count165
LaTeX Info: Redefining \overline on input line 389.
\classnum@=\count166
\DOTSCASE@=\count167
LaTeX Info: Redefining \ldots on input line 486.
LaTeX Info: Redefining \dots on input line 489.
LaTeX Info: Redefining \cdots on input line 610.
\Mathstrutbox@=\box45
\strutbox@=\box46
\big@size=\dimen138
LaTeX Font Info:    Redeclaring font encoding OML on input line 733.
LaTeX Font Info:    Redeclaring font encoding OMS on input line 734.
\macc@depth=\count168
\c@MaxMatrixCols=\count169
\dotsspace@=\muskip16
\c@parentequation=\count170
\dspbrk@lvl=\count171
\tag@help=\toks18
\row@=\count172
\column@=\count173
\maxfields@=\count174
\andhelp@=\toks19
\eqnshift@=\dimen139
\alignsep@=\dimen140
\tagshift@=\dimen141
\tagwidth@=\dimen142
\totwidth@=\dimen143
\lineht@=\dimen144
\@envbody=\toks20
\multlinegap=\skip48
\multlinetaggap=\skip49
\mathdisplay@stack=\toks21
LaTeX Info: Redefining \[ on input line 2859.
LaTeX Info: Redefining \] on input line 2860.
)
(/usr/share/texlive/texmf-dist/tex/latex/amsfonts/amssymb.sty
Package: amssymb 2013/01/14 v3.01 AMS font symbols

(/usr/share/texlive/texmf-dist/tex/latex/amsfonts/amsfonts.sty
Package: amsfonts 2013/01/14 v3.01 Basic AMSFonts support
\symAMSa=\mathgroup4
\symAMSb=\mathgroup5
LaTeX Font Info:    Redeclaring math symbol \hbar on input line 98.
LaTeX Font Info:    Overwriting math alphabet `\mathfrak' in version `bold'
(Font)                  U/euf/m/n --> U/euf/b/n on input line 106.
))
(/usr/share/texlive/texmf-dist/tex/latex/amsmath/amscd.sty
Package: amscd 2017/04/14 v2.1 AMS Commutative Diagrams
\athelp@=\toks22
\minaw@=\dimen145
\bigaw@=\dimen146
\minCDarrowwidth=\dimen147
)
(/usr/share/texlive/texmf-dist/tex/latex/jknapltx/mathrsfs.sty
Package: mathrsfs 1996/01/01 Math RSFS package v1.0 (jk)
\symrsfs=\mathgroup6
)
(/usr/share/texlive/texmf-dist/tex/latex/pgf/frontendlayer/tikz.sty
(/usr/share/texlive/texmf-dist/tex/latex/pgf/basiclayer/pgf.sty
(/usr/share/texlive/texmf-dist/tex/latex/pgf/utilities/pgfrcs.sty
(/usr/share/texlive/texmf-dist/tex/generic/pgf/utilities/pgfutil-common.tex
\pgfutil@everybye=\toks23
\pgfutil@tempdima=\dimen148
\pgfutil@tempdimb=\dimen149

(/usr/share/texlive/texmf-dist/tex/generic/pgf/utilities/pgfutil-common-lists.t
ex)) (/usr/share/texlive/texmf-dist/tex/generic/pgf/utilities/pgfutil-latex.def
\pgfutil@abb=\box47
(/usr/share/texlive/texmf-dist/tex/latex/ms/everyshi.sty
Package: everyshi 2001/05/15 v3.00 EveryShipout Package (MS)
))
(/usr/share/texlive/texmf-dist/tex/generic/pgf/utilities/pgfrcs.code.tex
(/usr/share/texlive/texmf-dist/tex/generic/pgf/pgf.revision.tex)
Package: pgfrcs 2020/01/08 v3.1.5b (3.1.5b)
))
Package: pgf 2020/01/08 v3.1.5b (3.1.5b)

(/usr/share/texlive/texmf-dist/tex/latex/pgf/basiclayer/pgfcore.sty
(/usr/share/texlive/texmf-dist/tex/latex/pgf/systemlayer/pgfsys.sty
(/usr/share/texlive/texmf-dist/tex/generic/pgf/systemlayer/pgfsys.code.tex
Package: pgfsys 2020/01/08 v3.1.5b (3.1.5b)

(/usr/share/texlive/texmf-dist/tex/generic/pgf/utilities/pgfkeys.code.tex
\pgfkeys@pathtoks=\toks24
\pgfkeys@temptoks=\toks25

(/usr/share/texlive/texmf-dist/tex/generic/pgf/utilities/pgfkeysfiltered.code.t
ex
\pgfkeys@tmptoks=\toks26
))
\pgf@x=\dimen150
\pgf@y=\dimen151
\pgf@xa=\dimen152
\pgf@ya=\dimen153
\pgf@xb=\dimen154
\pgf@yb=\dimen155
\pgf@xc=\dimen156
\pgf@yc=\dimen157
\pgf@xd=\dimen158
\pgf@yd=\dimen159
\w@pgf@writea=\write3
\r@pgf@reada=\read2
\c@pgf@counta=\count175
\c@pgf@countb=\count176
\c@pgf@countc=\count177
\c@pgf@countd=\count178
\t@pgf@toka=\toks27
\t@pgf@tokb=\toks28
\t@pgf@tokc=\toks29
\pgf@sys@id@count=\count179
 (/usr/share/texlive/texmf-dist/tex/generic/pgf/systemlayer/pgf.cfg
File: pgf.cfg 2020/01/08 v3.1.5b (3.1.5b)
)
Driver file for pgf: pgfsys-xetex.def

(/usr/share/texlive/texmf-dist/tex/generic/pgf/systemlayer/pgfsys-xetex.def
File: pgfsys-xetex.def 2020/01/08 v3.1.5b (3.1.5b)

(/usr/share/texlive/texmf-dist/tex/generic/pgf/systemlayer/pgfsys-dvipdfmx.def
File: pgfsys-dvipdfmx.def 2020/01/08 v3.1.5b (3.1.5b)

(/usr/share/texlive/texmf-dist/tex/generic/pgf/systemlayer/pgfsys-common-pdf.de
f
File: pgfsys-common-pdf.def 2020/01/08 v3.1.5b (3.1.5b)
)
\pgfsys@objnum=\count180
)))
(/usr/share/texlive/texmf-dist/tex/generic/pgf/systemlayer/pgfsyssoftpath.code.
tex
File: pgfsyssoftpath.code.tex 2020/01/08 v3.1.5b (3.1.5b)
\pgfsyssoftpath@smallbuffer@items=\count181
\pgfsyssoftpath@bigbuffer@items=\count182
)
(/usr/share/texlive/texmf-dist/tex/generic/pgf/systemlayer/pgfsysprotocol.code.
tex
File: pgfsysprotocol.code.tex 2020/01/08 v3.1.5b (3.1.5b)
))
(/usr/share/texlive/texmf-dist/tex/generic/pgf/basiclayer/pgfcore.code.tex
Package: pgfcore 2020/01/08 v3.1.5b (3.1.5b)

(/usr/share/texlive/texmf-dist/tex/generic/pgf/math/pgfmath.code.tex
(/usr/share/texlive/texmf-dist/tex/generic/pgf/math/pgfmathcalc.code.tex
(/usr/share/texlive/texmf-dist/tex/generic/pgf/math/pgfmathutil.code.tex)
(/usr/share/texlive/texmf-dist/tex/generic/pgf/math/pgfmathparser.code.tex
\pgfmath@dimen=\dimen160
\pgfmath@count=\count183
\pgfmath@box=\box48
\pgfmath@toks=\toks30
\pgfmath@stack@operand=\toks31
\pgfmath@stack@operation=\toks32
)
(/usr/share/texlive/texmf-dist/tex/generic/pgf/math/pgfmathfunctions.code.tex
(/usr/share/texlive/texmf-dist/tex/generic/pgf/math/pgfmathfunctions.basic.code
.tex)
(/usr/share/texlive/texmf-dist/tex/generic/pgf/math/pgfmathfunctions.trigonomet
ric.code.tex)
(/usr/share/texlive/texmf-dist/tex/generic/pgf/math/pgfmathfunctions.random.cod
e.tex)
(/usr/share/texlive/texmf-dist/tex/generic/pgf/math/pgfmathfunctions.comparison
.code.tex)
(/usr/share/texlive/texmf-dist/tex/generic/pgf/math/pgfmathfunctions.base.code.
tex)
(/usr/share/texlive/texmf-dist/tex/generic/pgf/math/pgfmathfunctions.round.code
.tex)
(/usr/share/texlive/texmf-dist/tex/generic/pgf/math/pgfmathfunctions.misc.code.
tex)
(/usr/share/texlive/texmf-dist/tex/generic/pgf/math/pgfmathfunctions.integerari
thmetics.code.tex)))
(/usr/share/texlive/texmf-dist/tex/generic/pgf/math/pgfmathfloat.code.tex
\c@pgfmathroundto@lastzeros=\count184
))
(/usr/share/texlive/texmf-dist/tex/generic/pgf/math/pgfint.code.tex)
(/usr/share/texlive/texmf-dist/tex/generic/pgf/basiclayer/pgfcorepoints.code.te
x
File: pgfcorepoints.code.tex 2020/01/08 v3.1.5b (3.1.5b)
\pgf@picminx=\dimen161
\pgf@picmaxx=\dimen162
\pgf@picminy=\dimen163
\pgf@picmaxy=\dimen164
\pgf@pathminx=\dimen165
\pgf@pathmaxx=\dimen166
\pgf@pathminy=\dimen167
\pgf@pathmaxy=\dimen168
\pgf@xx=\dimen169
\pgf@xy=\dimen170
\pgf@yx=\dimen171
\pgf@yy=\dimen172
\pgf@zx=\dimen173
\pgf@zy=\dimen174
)
(/usr/share/texlive/texmf-dist/tex/generic/pgf/basiclayer/pgfcorepathconstruct.
code.tex
File: pgfcorepathconstruct.code.tex 2020/01/08 v3.1.5b (3.1.5b)
\pgf@path@lastx=\dimen175
\pgf@path@lasty=\dimen176
)
(/usr/share/texlive/texmf-dist/tex/generic/pgf/basiclayer/pgfcorepathusage.code
.tex
File: pgfcorepathusage.code.tex 2020/01/08 v3.1.5b (3.1.5b)
\pgf@shorten@end@additional=\dimen177
\pgf@shorten@start@additional=\dimen178
)
(/usr/share/texlive/texmf-dist/tex/generic/pgf/basiclayer/pgfcorescopes.code.te
x
File: pgfcorescopes.code.tex 2020/01/08 v3.1.5b (3.1.5b)
\pgfpic=\box49
\pgf@hbox=\box50
\pgf@layerbox@main=\box51
\pgf@picture@serial@count=\count185
)
(/usr/share/texlive/texmf-dist/tex/generic/pgf/basiclayer/pgfcoregraphicstate.c
ode.tex
File: pgfcoregraphicstate.code.tex 2020/01/08 v3.1.5b (3.1.5b)
\pgflinewidth=\dimen179
)
(/usr/share/texlive/texmf-dist/tex/generic/pgf/basiclayer/pgfcoretransformation
s.code.tex
File: pgfcoretransformations.code.tex 2020/01/08 v3.1.5b (3.1.5b)
\pgf@pt@x=\dimen180
\pgf@pt@y=\dimen181
\pgf@pt@temp=\dimen182
)
(/usr/share/texlive/texmf-dist/tex/generic/pgf/basiclayer/pgfcorequick.code.tex
File: pgfcorequick.code.tex 2020/01/08 v3.1.5b (3.1.5b)
)
(/usr/share/texlive/texmf-dist/tex/generic/pgf/basiclayer/pgfcoreobjects.code.t
ex
File: pgfcoreobjects.code.tex 2020/01/08 v3.1.5b (3.1.5b)
)
(/usr/share/texlive/texmf-dist/tex/generic/pgf/basiclayer/pgfcorepathprocessing
.code.tex
File: pgfcorepathprocessing.code.tex 2020/01/08 v3.1.5b (3.1.5b)
)
(/usr/share/texlive/texmf-dist/tex/generic/pgf/basiclayer/pgfcorearrows.code.te
x
File: pgfcorearrows.code.tex 2020/01/08 v3.1.5b (3.1.5b)
\pgfarrowsep=\dimen183
)
(/usr/share/texlive/texmf-dist/tex/generic/pgf/basiclayer/pgfcoreshade.code.tex
File: pgfcoreshade.code.tex 2020/01/08 v3.1.5b (3.1.5b)
\pgf@max=\dimen184
\pgf@sys@shading@range@num=\count186
\pgf@shadingcount=\count187
)
(/usr/share/texlive/texmf-dist/tex/generic/pgf/basiclayer/pgfcoreimage.code.tex
File: pgfcoreimage.code.tex 2020/01/08 v3.1.5b (3.1.5b)

(/usr/share/texlive/texmf-dist/tex/generic/pgf/basiclayer/pgfcoreexternal.code.
tex
File: pgfcoreexternal.code.tex 2020/01/08 v3.1.5b (3.1.5b)
\pgfexternal@startupbox=\box52
))
(/usr/share/texlive/texmf-dist/tex/generic/pgf/basiclayer/pgfcorelayers.code.te
x
File: pgfcorelayers.code.tex 2020/01/08 v3.1.5b (3.1.5b)
)
(/usr/share/texlive/texmf-dist/tex/generic/pgf/basiclayer/pgfcoretransparency.c
ode.tex
File: pgfcoretransparency.code.tex 2020/01/08 v3.1.5b (3.1.5b)
)
(/usr/share/texlive/texmf-dist/tex/generic/pgf/basiclayer/pgfcorepatterns.code.
tex
File: pgfcorepatterns.code.tex 2020/01/08 v3.1.5b (3.1.5b)
)
(/usr/share/texlive/texmf-dist/tex/generic/pgf/basiclayer/pgfcorerdf.code.tex
File: pgfcorerdf.code.tex 2020/01/08 v3.1.5b (3.1.5b)
)))
(/usr/share/texlive/texmf-dist/tex/generic/pgf/modules/pgfmoduleshapes.code.tex
File: pgfmoduleshapes.code.tex 2020/01/08 v3.1.5b (3.1.5b)
\pgfnodeparttextbox=\box53
) (/usr/share/texlive/texmf-dist/tex/generic/pgf/modules/pgfmoduleplot.code.tex
File: pgfmoduleplot.code.tex 2020/01/08 v3.1.5b (3.1.5b)
)
(/usr/share/texlive/texmf-dist/tex/latex/pgf/compatibility/pgfcomp-version-0-65
.sty
Package: pgfcomp-version-0-65 2020/01/08 v3.1.5b (3.1.5b)
\pgf@nodesepstart=\dimen185
\pgf@nodesepend=\dimen186
)
(/usr/share/texlive/texmf-dist/tex/latex/pgf/compatibility/pgfcomp-version-1-18
.sty
Package: pgfcomp-version-1-18 2020/01/08 v3.1.5b (3.1.5b)
)) (/usr/share/texlive/texmf-dist/tex/latex/pgf/utilities/pgffor.sty
(/usr/share/texlive/texmf-dist/tex/latex/pgf/utilities/pgfkeys.sty
(/usr/share/texlive/texmf-dist/tex/generic/pgf/utilities/pgfkeys.code.tex))
(/usr/share/texlive/texmf-dist/tex/latex/pgf/math/pgfmath.sty
(/usr/share/texlive/texmf-dist/tex/generic/pgf/math/pgfmath.code.tex))
(/usr/share/texlive/texmf-dist/tex/generic/pgf/utilities/pgffor.code.tex
Package: pgffor 2020/01/08 v3.1.5b (3.1.5b)

(/usr/share/texlive/texmf-dist/tex/generic/pgf/math/pgfmath.code.tex)
\pgffor@iter=\dimen187
\pgffor@skip=\dimen188
\pgffor@stack=\toks33
\pgffor@toks=\toks34
))
(/usr/share/texlive/texmf-dist/tex/generic/pgf/frontendlayer/tikz/tikz.code.tex
Package: tikz 2020/01/08 v3.1.5b (3.1.5b)

(/usr/share/texlive/texmf-dist/tex/generic/pgf/libraries/pgflibraryplothandlers
.code.tex
File: pgflibraryplothandlers.code.tex 2020/01/08 v3.1.5b (3.1.5b)
\pgf@plot@mark@count=\count188
\pgfplotmarksize=\dimen189
)
\tikz@lastx=\dimen190
\tikz@lasty=\dimen191
\tikz@lastxsaved=\dimen192
\tikz@lastysaved=\dimen193
\tikz@lastmovetox=\dimen194
\tikz@lastmovetoy=\dimen195
\tikzleveldistance=\dimen196
\tikzsiblingdistance=\dimen197
\tikz@figbox=\box54
\tikz@figbox@bg=\box55
\tikz@tempbox=\box56
\tikz@tempbox@bg=\box57
\tikztreelevel=\count189
\tikznumberofchildren=\count190
\tikznumberofcurrentchild=\count191
\tikz@fig@count=\count192

(/usr/share/texlive/texmf-dist/tex/generic/pgf/modules/pgfmodulematrix.code.tex
File: pgfmodulematrix.code.tex 2020/01/08 v3.1.5b (3.1.5b)
\pgfmatrixcurrentrow=\count193
\pgfmatrixcurrentcolumn=\count194
\pgf@matrix@numberofcolumns=\count195
)
\tikz@expandcount=\count196

(/usr/share/texlive/texmf-dist/tex/generic/pgf/frontendlayer/tikz/libraries/tik
zlibrarytopaths.code.tex
File: tikzlibrarytopaths.code.tex 2020/01/08 v3.1.5b (3.1.5b)
)))
(/usr/share/texlive/texmf-dist/tex/generic/pgf/frontendlayer/tikz/libraries/tik
zlibraryarrows.code.tex
File: tikzlibraryarrows.code.tex 2020/01/08 v3.1.5b (3.1.5b)

(/usr/share/texlive/texmf-dist/tex/generic/pgf/libraries/pgflibraryarrows.code.
tex
File: pgflibraryarrows.code.tex 2020/01/08 v3.1.5b (3.1.5b)
\arrowsize=\dimen198
))
(/usr/share/texlive/texmf-dist/tex/generic/pgf/frontendlayer/tikz/libraries/tik
zlibrarycalc.code.tex
File: tikzlibrarycalc.code.tex 2020/01/08 v3.1.5b (3.1.5b)
)
(/usr/share/texlive/texmf-dist/tex/generic/pgf/frontendlayer/tikz/libraries/tik
zlibraryintersections.code.tex
(/usr/share/texlive/texmf-dist/tex/generic/pgf/libraries/pgflibraryintersection
s.code.tex
(/usr/share/texlive/texmf-dist/tex/generic/pgf/libraries/pgflibraryfpu.code.tex
)
\pgf@intersect@solutions=\count197
))
(/usr/share/texlive/texmf-dist/tex/generic/pgf/frontendlayer/tikz/libraries/tik
zlibrarydecorations.code.tex
(/usr/share/texlive/texmf-dist/tex/generic/pgf/modules/pgfmoduledecorations.cod
e.tex
\pgfdecoratedcompleteddistance=\dimen199
\pgfdecoratedremainingdistance=\dimen256
\pgfdecoratedinputsegmentcompleteddistance=\dimen257
\pgfdecoratedinputsegmentremainingdistance=\dimen258
\pgf@decorate@distancetomove=\dimen259
\pgf@decorate@repeatstate=\count198
\pgfdecorationsegmentamplitude=\dimen260
\pgfdecorationsegmentlength=\dimen261
)
\tikz@lib@dec@box=\box58
) (/usr/share/texlive/texmf-dist/tex/latex/pgfplots/pgfplots.sty
(/usr/share/texlive/texmf-dist/tex/generic/pgfplots/pgfplots.revision.tex)
Package: pgfplots 2018/03/28 v1.16 Data Visualization (1.16)

(/usr/share/texlive/texmf-dist/tex/generic/pgfplots/pgfplots.code.tex
(/usr/share/texlive/texmf-dist/tex/generic/pgfplots/pgfplotscore.code.tex
\t@pgfplots@toka=\toks35
\t@pgfplots@tokb=\toks36
\t@pgfplots@tokc=\toks37
\pgfplots@tmpa=\dimen262
\c@pgfplots@coordindex=\count199
\c@pgfplots@scanlineindex=\count266

(/usr/share/texlive/texmf-dist/tex/generic/pgfplots/sys/pgfplotssysgeneric.code
.tex))
(/usr/share/texlive/texmf-dist/tex/generic/pgfplots/libs/pgfplotslibrary.code.t
ex)
(/usr/share/texlive/texmf-dist/tex/generic/pgfplots/oldpgfcompatib/pgfplotsoldp
gfsupp_loader.code.tex)
(/usr/share/texlive/texmf-dist/tex/generic/pgfplots/util/pgfplotsutil.code.tex
(/usr/share/texlive/texmf-dist/tex/generic/pgfplots/liststructure/pgfplotslists
tructure.code.tex)
(/usr/share/texlive/texmf-dist/tex/generic/pgfplots/liststructure/pgfplotslists
tructureext.code.tex)
(/usr/share/texlive/texmf-dist/tex/generic/pgfplots/liststructure/pgfplotsarray
.code.tex
\c@pgfplotsarray@tmp=\count267
)
(/usr/share/texlive/texmf-dist/tex/generic/pgfplots/liststructure/pgfplotsmatri
x.code.tex)
(/usr/share/texlive/texmf-dist/tex/generic/pgfplots/numtable/pgfplotstableshare
d.code.tex
\c@pgfplotstable@counta=\count268
\t@pgfplotstable@a=\toks38
)
(/usr/share/texlive/texmf-dist/tex/generic/pgfplots/liststructure/pgfplotsdeque
.code.tex)
(/usr/share/texlive/texmf-dist/tex/generic/pgfplots/util/pgfplotsbinary.code.te
x
(/usr/share/texlive/texmf-dist/tex/generic/pgfplots/util/pgfplotsbinary.data.co
de.tex))
(/usr/share/texlive/texmf-dist/tex/generic/pgfplots/util/pgfplotsutil.verb.code
.tex)
(/usr/share/texlive/texmf-dist/tex/generic/pgfplots/libs/pgflibrarypgfplots.sur
fshading.code.tex
\c@pgfplotslibrarysurf@no=\count269

(/usr/share/texlive/texmf-dist/tex/generic/pgfplots/sys/pgflibrarypgfplots.surf
shading.pgfsys-xetex.def
(/usr/share/texlive/texmf-dist/tex/generic/pgfplots/sys/pgflibrarypgfplots.surf
shading.pgfsys-dvipdfmx.def
\c@pgfplotslibrarysurf@streamlen=\count270
))))
(/usr/share/texlive/texmf-dist/tex/generic/pgfplots/util/pgfplotscolormap.code.
tex
(/usr/share/texlive/texmf-dist/tex/generic/pgfplots/util/pgfplotscolor.code.tex
))
(/usr/share/texlive/texmf-dist/tex/generic/pgfplots/pgfplotsstackedplots.code.t
ex)
(/usr/share/texlive/texmf-dist/tex/generic/pgfplots/pgfplotsplothandlers.code.t
ex
(/usr/share/texlive/texmf-dist/tex/generic/pgfplots/pgfplotsmeshplothandler.cod
e.tex
(/usr/share/texlive/texmf-dist/tex/generic/pgfplots/pgfplotsmeshplotimage.code.
tex)))
(/usr/share/texlive/texmf-dist/tex/generic/pgfplots/pgfplots.scaling.code.tex)
(/usr/share/texlive/texmf-dist/tex/generic/pgfplots/pgfplotscoordprocessing.cod
e.tex)
(/usr/share/texlive/texmf-dist/tex/generic/pgfplots/pgfplots.errorbars.code.tex
) (/usr/share/texlive/texmf-dist/tex/generic/pgfplots/pgfplots.markers.code.tex
) (/usr/share/texlive/texmf-dist/tex/generic/pgfplots/pgfplotsticks.code.tex)
(/usr/share/texlive/texmf-dist/tex/generic/pgfplots/pgfplots.paths.code.tex)
(/usr/share/texlive/texmf-dist/tex/generic/pgf/frontendlayer/tikz/libraries/tik
zlibrarydecorations.pathmorphing.code.tex
(/usr/share/texlive/texmf-dist/tex/generic/pgf/libraries/decorations/pgflibrary
decorations.pathmorphing.code.tex))
(/usr/share/texlive/texmf-dist/tex/generic/pgf/frontendlayer/tikz/libraries/tik
zlibrarydecorations.pathreplacing.code.tex
(/usr/share/texlive/texmf-dist/tex/generic/pgf/libraries/decorations/pgflibrary
decorations.pathreplacing.code.tex))
\pgfplots@numplots=\count271
\pgfplots@xmin@reg=\dimen263
\pgfplots@xmax@reg=\dimen264
\pgfplots@ymin@reg=\dimen265
\pgfplots@ymax@reg=\dimen266
\pgfplots@zmin@reg=\dimen267
\pgfplots@zmax@reg=\dimen268
)
(/usr/share/texlive/texmf-dist/tex/generic/pgf/frontendlayer/tikz/libraries/tik
zlibraryplotmarks.code.tex
File: tikzlibraryplotmarks.code.tex 2020/01/08 v3.1.5b (3.1.5b)

(/usr/share/texlive/texmf-dist/tex/generic/pgf/libraries/pgflibraryplotmarks.co
de.tex
File: pgflibraryplotmarks.code.tex 2020/01/08 v3.1.5b (3.1.5b)
))) (/usr/share/texlive/texmf-dist/tex/latex/bbm-macros/bbm.sty
Package: bbm 1999/03/15 V 1.2 provides fonts for set symbols - TH
LaTeX Font Info:    Overwriting math alphabet `\mathbbm' in version `bold'
(Font)                  U/bbm/m/n --> U/bbm/bx/n on input line 33.
LaTeX Font Info:    Overwriting math alphabet `\mathbbmss' in version `bold'
(Font)                  U/bbmss/m/n --> U/bbmss/bx/n on input line 35.
)
(./sphinxmanual.cls
Document Class: sphinxmanual 2019/12/01 v2.3.0 Document class (Sphinx manual)
(/usr/share/texlive/texmf-dist/tex/latex/base/report.cls
Document Class: report 2019/12/20 v1.4l Standard LaTeX document class
(/usr/share/texlive/texmf-dist/tex/latex/base/size10.clo
File: size10.clo 2019/12/20 v1.4l Standard LaTeX file (size option)
)
\c@part=\count272
\c@chapter=\count273
\c@section=\count274
\c@subsection=\count275
\c@subsubsection=\count276
\c@paragraph=\count277
\c@subparagraph=\count278
\c@figure=\count279
\c@table=\count280
\abovecaptionskip=\skip50
\belowcaptionskip=\skip51
\bibindent=\dimen269
)
LaTeX Info: Redefining \and on input line 35.
)
(/usr/share/texlive/texmf-dist/tex/latex/changepage/changepage.sty
Package: changepage 2009/10/20 v1.0c check page and change page layout
\c@cp@cntr=\count281
\cp@tempcnt=\count282
))
\sphinxpxdimen=\dimen270

(/usr/share/texlive/texmf-dist/tex/latex/cmap/cmap.sty
Package: cmap 2008/03/06 v1.0h CMap support: searchable PDF


Package cmap Warning: pdftex not detected - exiting.

) (/usr/share/texlive/texmf-dist/tex/latex/fontspec/fontspec.sty
(/usr/share/texlive/texmf-dist/tex/latex/l3packages/xparse/xparse.sty
(/usr/share/texlive/texmf-dist/tex/latex/l3kernel/expl3.sty
Package: expl3 2020-02-14 L3 programming layer (loader) 

(/usr/share/texlive/texmf-dist/tex/latex/l3backend/l3backend-xdvipdfmx.def
File: l3backend-xdvipdfmx.def 2020-02-03 L3 backend support: xdvipdfmx
\g__graphics_track_int=\count283
\l__pdf_internal_box=\box59
\g__pdf_backend_object_int=\count284
\g__pdf_backend_annotation_int=\count285
))
Package: xparse 2020-02-14 L3 Experimental document command parser
\l__xparse_current_arg_int=\count286
\g__xparse_grabber_int=\count287
\l__xparse_m_args_int=\count288
\l__xparse_v_nesting_int=\count289
)
Package: fontspec 2020/02/03 v2.7h Font selection for XeLaTeX and LuaLaTeX

(/usr/share/texlive/texmf-dist/tex/latex/fontspec/fontspec-xetex.sty
Package: fontspec-xetex 2020/02/03 v2.7h Font selection for XeLaTeX and LuaLaTe
X
\l__fontspec_script_int=\count290
\l__fontspec_language_int=\count291
\l__fontspec_strnum_int=\count292
\l__fontspec_tmp_int=\count293
\l__fontspec_tmpa_int=\count294
\l__fontspec_tmpb_int=\count295
\l__fontspec_tmpc_int=\count296
\l__fontspec_em_int=\count297
\l__fontspec_emdef_int=\count298
\l__fontspec_strong_int=\count299
\l__fontspec_strongdef_int=\count300
\l__fontspec_tmpa_dim=\dimen271
\l__fontspec_tmpb_dim=\dimen272
\l__fontspec_tmpc_dim=\dimen273

(/usr/share/texlive/texmf-dist/tex/latex/base/fontenc.sty
Package: fontenc 2020/02/11 v2.0o Standard LaTeX package
)
(/usr/share/texlive/texmf-dist/tex/latex/fontspec/fontspec.cfg)))
(/usr/share/texlive/texmf-dist/tex/latex/polyglossia/polyglossia.sty
Package: polyglossia 2020/01/29 v1.47 Modern multilingual typesetting with XeLa
TeX and LuaLaTeX

(/usr/share/texlive/texmf-dist/tex/latex/etoolbox/etoolbox.sty
Package: etoolbox 2019/09/21 v2.5h e-TeX tools for LaTeX (JAW)
\etb@tempcnta=\count301
)
(/usr/share/texlive/texmf-dist/tex/latex/makecmds/makecmds.sty
Package: makecmds 2009/09/03 v1.0a extra command making commands
)
(/usr/share/texlive/texmf-dist/tex/latex/xkeyval/xkeyval.sty
Package: xkeyval 2014/12/03 v2.7a package option processing (HA)

(/usr/share/texlive/texmf-dist/tex/generic/xkeyval/xkeyval.tex
(/usr/share/texlive/texmf-dist/tex/generic/xkeyval/xkvutils.tex
\XKV@toks=\toks39
\XKV@tempa@toks=\toks40
)
\XKV@depth=\count302
File: xkeyval.tex 2014/12/03 v2.7a key=value parser (HA)
))
(/usr/share/texlive/texmf-dist/tex/generic/iftex/ifluatex.sty
Package: ifluatex 2019/10/25 v1.5 ifluatex legacy package. Use iftex instead.

(/usr/share/texlive/texmf-dist/tex/generic/iftex/iftex.sty
Package: iftex 2019/11/07 v1.0c TeX engine tests
))
(/usr/share/texlive/texmf-dist/tex/generic/iftex/ifxetex.sty
Package: ifxetex 2019/10/25 v0.7 ifxetex legacy package. Use iftex instead.
)
(/usr/share/texlive/texmf-dist/tex/latex/l3packages/l3keys2e/l3keys2e.sty
Package: l3keys2e 2020-02-14 LaTeX2e option processing using LaTeX3 keys
)
(/usr/share/texlive/texmf-dist/tex/latex/filehook/filehook.sty
Package: filehook 2020/02/03 v0.7 Hooks for input files
)
\xpg@normalclass=\XeTeXcharclass1

(/usr/share/texlive/texmf-dist/tex/latex/polyglossia/gloss-latex.ldf
File: gloss-latex.ldf polyglossia: module for default language
The property list \polyglossia@langsetup contains the pairs (without outer
braces):
>  {latex/script}  =>  {latin}
>  {latex/lcscript}  =>  {latin}
>  {latex/scripttag}  =>  {}
>  {latex/language}  =>  {Latex}
>  {latex/langtag}  =>  {ENG}
>  {latex/bcp47}  =>  {}
>  {latex/hyphennames}  =>  {english}
>  {latex/direction}  =>  {LR}
>  {latex/hyphenmins}  =>  {2,3}
>  {latex/frenchspacing}  =>  {false}
>  {latex/indentfirst}  =>  {false}
>  {latex/fontsetup}  =>  {true}
>  {latex/envname}  =>  {latex}
>  {latex/babelname}  =>  {latex}
>  {latex/localnumeral}  =>  {polyglossia@C@localnumeral}
>  {latex/Localnumeral}  =>  {polyglossia@C@localnumeral}.
)
Package polyglossia Info: Default language is latex.
Package polyglossia Info: Option: localmarks.
)
(/usr/share/texlive/texmf-dist/tex/latex/polyglossia/gloss-english.ldf
File: gloss-english.ldf polyglossia: module for english
The property list \polyglossia@langsetup contains the pairs (without outer
braces):
>  {latex/script}  =>  {latin}
>  {latex/lcscript}  =>  {latin}
>  {latex/scripttag}  =>  {}
>  {latex/language}  =>  {Latex}
>  {latex/langtag}  =>  {ENG}
>  {latex/bcp47}  =>  {}
>  {latex/hyphennames}  =>  {english}
>  {latex/direction}  =>  {LR}
>  {latex/hyphenmins}  =>  {2,3}
>  {latex/frenchspacing}  =>  {false}
>  {latex/indentfirst}  =>  {false}
>  {latex/fontsetup}  =>  {true}
>  {latex/envname}  =>  {latex}
>  {latex/babelname}  =>  {latex}
>  {latex/localnumeral}  =>  {polyglossia@C@localnumeral}
>  {latex/Localnumeral}  =>  {polyglossia@C@localnumeral}
>  {english/script}  =>  {latin}
>  {english/lcscript}  =>  {latin}
>  {english/scripttag}  =>  {}
>  {english/language}  =>  {English}
>  {english/langtag}  =>  {ENG}
>  {english/bcp47}  =>  {en-US}
>  {english/hyphennames}  =>  {english,american,usenglish,USenglish}
>  {english/direction}  =>  {LR}
>  {english/hyphenmins}  =>  {2,3}
>  {english/frenchspacing}  =>  {false}
>  {english/indentfirst}  =>  {false}
>  {english/fontsetup}  =>  {true}
>  {english/envname}  =>  {english}
>  {english/babelname}  =>  {english}
>  {english/localnumeral}  =>  {polyglossia@C@localnumeral}
>  {english/Localnumeral}  =>  {polyglossia@C@localnumeral}.
Package polyglossia Info: Option: English, variant=american.
)
Package polyglossia Info: Default language is english.

Package fontspec Info: Font family 'FreeSerif(0)' created for font 'FreeSerif'
(fontspec)             with options [Extension = .otf,UprightFont =
(fontspec)             *,ItalicFont = *Italic,BoldFont = *Bold,BoldItalicFont
(fontspec)             = *BoldItalic].
(fontspec)              
(fontspec)              This font family consists of the following NFSS
(fontspec)             series/shapes:
(fontspec)              
(fontspec)             - 'normal' (m/n) with NFSS spec.:
(fontspec)             <->"[FreeSerif.otf]/OT:script=latn;language=dflt;"
(fontspec)             - 'small caps'  (m/sc) with NFSS spec.:
(fontspec)             <->"[FreeSerif.otf]/OT:script=latn;language=dflt;+smcp;"

(fontspec)             - 'bold' (b/n) with NFSS spec.:
(fontspec)             <->"[FreeSerifBold.otf]/OT:script=latn;language=dflt;"
(fontspec)             - 'bold small caps'  (b/sc) with NFSS spec.:
(fontspec)             <->"[FreeSerifBold.otf]/OT:script=latn;language=dflt;+sm
cp;"
(fontspec)             - 'italic' (m/it) with NFSS spec.:
(fontspec)             <->"[FreeSerifItalic.otf]/OT:script=latn;language=dflt;"

(fontspec)             - 'italic small caps'  (m/scit) with NFSS spec.: 
(fontspec)             - 'bold italic' (b/it) with NFSS spec.:
(fontspec)             <->"[FreeSerifBoldItalic.otf]/OT:script=latn;language=df
lt;"
(fontspec)             - 'bold italic small caps'  (b/scit) with NFSS spec.: 


Package fontspec Info: Font family 'FreeSans(0)' created for font 'FreeSans'
(fontspec)             with options [Extension = .otf,UprightFont =
(fontspec)             *,ItalicFont = *Oblique,BoldFont = *Bold,BoldItalicFont
(fontspec)             = *BoldOblique].
(fontspec)              
(fontspec)              This font family consists of the following NFSS
(fontspec)             series/shapes:
(fontspec)              
(fontspec)             - 'normal' (m/n) with NFSS spec.:
(fontspec)             <->"[FreeSans.otf]/OT:script=latn;language=dflt;"
(fontspec)             - 'small caps'  (m/sc) with NFSS spec.:
(fontspec)             <->"[FreeSans.otf]/OT:script=latn;language=dflt;+smcp;"
(fontspec)             - 'bold' (b/n) with NFSS spec.:
(fontspec)             <->"[FreeSansBold.otf]/OT:script=latn;language=dflt;"
(fontspec)             - 'bold small caps'  (b/sc) with NFSS spec.:
(fontspec)             <->"[FreeSansBold.otf]/OT:script=latn;language=dflt;+smc
p;"
(fontspec)             - 'italic' (m/it) with NFSS spec.:
(fontspec)             <->"[FreeSansOblique.otf]/OT:script=latn;language=dflt;"

(fontspec)             - 'italic small caps'  (m/scit) with NFSS spec.: 
(fontspec)             - 'bold italic' (b/it) with NFSS spec.:
(fontspec)             <->"[FreeSansBoldOblique.otf]/OT:script=latn;language=df
lt;"
(fontspec)             - 'bold italic small caps'  (b/scit) with NFSS spec.: 


Package fontspec Info: Font family 'FreeMono(0)' created for font 'FreeMono'
(fontspec)             with options [Extension = .otf,UprightFont =
(fontspec)             *,ItalicFont = *Oblique,BoldFont = *Bold,BoldItalicFont
(fontspec)             = *BoldOblique].
(fontspec)              
(fontspec)              This font family consists of the following NFSS
(fontspec)             series/shapes:
(fontspec)              
(fontspec)             - 'normal' (m/n) with NFSS spec.:
(fontspec)             <->"[FreeMono.otf]/OT:script=latn;language=dflt;"
(fontspec)             - 'small caps'  (m/sc) with NFSS spec.: 
(fontspec)             - 'bold' (b/n) with NFSS spec.:
(fontspec)             <->"[FreeMonoBold.otf]/OT:script=latn;language=dflt;"
(fontspec)             - 'bold small caps'  (b/sc) with NFSS spec.: 
(fontspec)             - 'italic' (m/it) with NFSS spec.:
(fontspec)             <->"[FreeMonoOblique.otf]/OT:script=latn;language=dflt;"

(fontspec)             - 'italic small caps'  (m/scit) with NFSS spec.: 
(fontspec)             - 'bold italic' (b/it) with NFSS spec.:
(fontspec)             <->"[FreeMonoBoldOblique.otf]/OT:script=latn;language=df
lt;"
(fontspec)             - 'bold italic small caps'  (b/scit) with NFSS spec.: 


(/usr/share/texlive/texmf-dist/tex/latex/fncychap/fncychap.sty
Package: fncychap 2007/07/30 v1.34 LaTeX package (Revised chapters)
\RW=\skip52
\mylen=\skip53
\myhi=\skip54
\px=\skip55
\py=\skip56
\pyy=\skip57
\pxx=\skip58
\c@AlphaCnt=\count303
\c@AlphaDecCnt=\count304
) (./sphinx.sty
Package: sphinx 2021/01/27 v4.0.0 LaTeX package (Sphinx markup)

(/usr/share/texlive/texmf-dist/tex/generic/ltxcmds/ltxcmds.sty
Package: ltxcmds 2019/12/15 v1.24 LaTeX kernel commands for general use (HO)
)
(/usr/share/texlive/texmf-dist/tex/latex/kvoptions/kvoptions.sty
Package: kvoptions 2019/11/29 v3.13 Key value format for package options (HO)

(/usr/share/texlive/texmf-dist/tex/generic/kvsetkeys/kvsetkeys.sty
Package: kvsetkeys 2019/12/15 v1.18 Key value parser (HO)
))
\sphinxverbatimsep=\dimen274
\sphinxverbatimborder=\dimen275
\sphinxshadowsep=\dimen276
\sphinxshadowsize=\dimen277
\sphinxshadowrule=\dimen278
\spx@notice@border=\dimen279

(./sphinxoptionshyperref.sty
File: sphinxoptionshyperref.sty 2021/01/27 hyperref
) (./sphinxoptionsgeometry.sty
File: sphinxoptionsgeometry.sty 2021/01/27 geometry
)
(/usr/share/texlive/texmf-dist/tex/latex/base/textcomp.sty
Package: textcomp 2020/02/02 v2.0n Standard LaTeX package
)
(/usr/share/texlive/texmf-dist/tex/latex/float/float.sty
Package: float 2001/11/08 v1.3d Float enhancements (AL)
\c@float@type=\count305
\float@exts=\toks41
\float@box=\box60
\@float@everytoks=\toks42
\@floatcapt=\box61
)
(/usr/share/texlive/texmf-dist/tex/latex/wrapfig/wrapfig.sty
\wrapoverhang=\dimen280
\WF@size=\dimen281
\c@WF@wrappedlines=\count306
\WF@box=\box62
\WF@everypar=\toks43
Package: wrapfig 2003/01/31  v 3.6
)
(/usr/share/texlive/texmf-dist/tex/latex/capt-of/capt-of.sty
Package: capt-of 2009/12/29 v0.2 standard captions outside of floats
)
(/usr/share/texlive/texmf-dist/tex/latex/tools/multicol.sty
Package: multicol 2019/12/09 v1.8y multicolumn formatting (FMi)
\c@tracingmulticols=\count307
\mult@box=\box63
\multicol@leftmargin=\dimen282
\c@unbalance=\count308
\c@collectmore=\count309
\doublecol@number=\count310
\multicoltolerance=\count311
\multicolpretolerance=\count312
\full@width=\dimen283
\page@free=\dimen284
\premulticols=\dimen285
\postmulticols=\dimen286
\multicolsep=\skip59
\multicolbaselineskip=\skip60
\partial@page=\box64
\last@line=\box65
\maxbalancingoverflow=\dimen287
\mult@rightbox=\box66
\mult@grightbox=\box67
\mult@gfirstbox=\box68
\mult@firstbox=\box69
\@tempa=\box70
\@tempa=\box71
\@tempa=\box72
\@tempa=\box73
\@tempa=\box74
\@tempa=\box75
\@tempa=\box76
\@tempa=\box77
\@tempa=\box78
\@tempa=\box79
\@tempa=\box80
\@tempa=\box81
\@tempa=\box82
\@tempa=\box83
\@tempa=\box84
\@tempa=\box85
\@tempa=\box86
\@tempa=\box87
\@tempa=\box88
\@tempa=\box89
\@tempa=\box90
\@tempa=\box91
\@tempa=\box92
\@tempa=\box93
\@tempa=\box94
\@tempa=\box95
\@tempa=\box96
\@tempa=\box97
\@tempa=\box98
\@tempa=\box99
\@tempa=\box100
\@tempa=\box101
\@tempa=\box102
\@tempa=\box103
\@tempa=\box104
\@tempa=\box105
\@tempa=\box106
\c@minrows=\count313
\c@columnbadness=\count314
\c@finalcolumnbadness=\count315
\last@try=\dimen288
\multicolovershoot=\dimen289
\multicolundershoot=\dimen290
\mult@nat@firstbox=\box107
\colbreak@box=\box108
\mc@col@check@num=\count316
)
(./sphinxlatexgraphics.sty
File: sphinxlatexgraphics.sty 2021/01/27 graphics
\spx@image@maxheight=\dimen291
\spx@image@box=\box109
) (./sphinxlatexadmonitions.sty
File: sphinxlatexadmonitions.sty 2021/01/27 admonitions

(/usr/share/texlive/texmf-dist/tex/latex/framed/framed.sty
Package: framed 2011/10/22 v 0.96: framed or shaded text with page breaks
\OuterFrameSep=\skip61
\fb@frw=\dimen292
\fb@frh=\dimen293
\FrameRule=\dimen294
\FrameSep=\dimen295
))
(./sphinxlatexliterals.sty
File: sphinxlatexliterals.sty 2021/12/06 code-blocks and parsed literals

(/usr/share/texlive/texmf-dist/tex/latex/fancyvrb/fancyvrb.sty
Package: fancyvrb 2020/01/13 v3.5 verbatim text (tvz,hv)
\FV@CodeLineNo=\count317
\FV@InFile=\read3
\FV@TabBox=\box110
\c@FancyVerbLine=\count318
\FV@StepNumber=\count319
\FV@OutFile=\write4
)
(/usr/share/texlive/texmf-dist/tex/latex/base/alltt.sty
Package: alltt 1997/06/16 v2.0g defines alltt environment
)
(/usr/share/texlive/texmf-dist/tex/latex/upquote/upquote.sty
Package: upquote 2012/04/19 v1.3 upright-quote and grave-accent glyphs in verba
tim
)
(/usr/share/texlive/texmf-dist/tex/latex/needspace/needspace.sty
Package: needspace 2010/09/12 v1.3d reserve vertical space
)
\sphinxcontinuationbox=\box111
\sphinxvisiblespacebox=\box112
\sphinxVerbatim@TitleBox=\box113
\sphinxVerbatim@ContentsBox=\box114
\spx@scratchbox=\box115
)
(./sphinxlatexshadowbox.sty
File: sphinxlatexshadowbox.sty 2021/01/27 sphinxShadowBox
) (./sphinxlatexcontainers.sty
File: sphinxlatexcontainers.sty 2021/05/03 containers
)
(./sphinxhighlight.sty
Package: sphinxhighlight 2016/05/29 stylesheet for highlighting with pygments
) (./sphinxlatextables.sty
File: sphinxlatextables.sty 2021/01/27 tables

(/usr/share/texlive/texmf-dist/tex/latex/tabulary/tabulary.sty
Package: tabulary 2014/06/11 v0.10 tabulary package (DPC)

(/usr/share/texlive/texmf-dist/tex/latex/tools/array.sty
Package: array 2019/08/31 v2.4l Tabular extension package (FMi)
\col@sep=\dimen296
\ar@mcellbox=\box116
\extrarowheight=\dimen297
\NC@list=\toks44
\extratabsurround=\skip62
\backup@length=\skip63
\ar@cellbox=\box117
)
\TY@count=\count320
\TY@linewidth=\dimen298
\tymin=\dimen299
\tymax=\dimen300
\TY@tablewidth=\dimen301
)
(/usr/share/texlive/texmf-dist/tex/latex/tools/longtable.sty
Package: longtable 2020/01/07 v4.13 Multi-page Table package (DPC)
\LTleft=\skip64
\LTright=\skip65
\LTpre=\skip66
\LTpost=\skip67
\LTchunksize=\count321
\LTcapwidth=\dimen302
\LT@head=\box118
\LT@firsthead=\box119
\LT@foot=\box120
\LT@lastfoot=\box121
\LT@cols=\count322
\LT@rows=\count323
\c@LT@tables=\count324
\c@LT@chunks=\count325
\LT@p@ftn=\toks45
)
(/usr/share/texlive/texmf-dist/tex/latex/varwidth/varwidth.sty
Package: varwidth 2009/03/30 ver 0.92;  Variable-width minipages
\@vwid@box=\box122
\sift@deathcycles=\count326
\@vwid@loff=\dimen303
\@vwid@roff=\dimen304
)
\sphinx@TY@tablewidth=\dimen305
)
(./sphinxlatexnumfig.sty
File: sphinxlatexnumfig.sty 2021/01/27 numbering
) (./sphinxlatexlists.sty
File: sphinxlatexlists.sty 2021/12/20 lists
\spx@lineitemlabel=\toks46
)
\c@sphinxscope=\count327
 (./sphinxpackagefootnote.sty
Package: sphinxpackagefootnote 2022/02/12 v4.5.0 Sphinx custom footnotehyper pa
ckage (Sphinx team)
\FNH@notes=\box123
\FNH@toks=\toks47
\FNH@width=\dimen306
\c@sphinxfootnotemark=\count328
) (./sphinxlatexindbibtoc.sty
File: sphinxlatexindbibtoc.sty 2021/01/27 index, bib., toc

(/usr/share/texlive/texmf-dist/tex/latex/base/makeidx.sty
Package: makeidx 2014/09/29 v1.0m Standard LaTeX package
))
(./sphinxlatexstylepage.sty
File: sphinxlatexstylepage.sty 2021/01/27 page styling

(/usr/share/texlive/texmf-dist/tex/latex/parskip/parskip.sty
Rollback for package 'parskip' requested -> version 'v1'.
         This corresponds to the release introduced on 2001-04-09.

(/usr/share/texlive/texmf-dist/tex/latex/parskip/parskip-2001-04-09.sty
Package: parskip 2001/04/09 non-zero parskip adjustments
))
(/usr/share/texlive/texmf-dist/tex/latex/fancyhdr/fancyhdr.sty
Package: fancyhdr 2019/01/31 v3.10 Extensive control of page headers and footer
s
\f@nch@headwidth=\skip68
\f@nch@O@elh=\skip69
\f@nch@O@erh=\skip70
\f@nch@O@olh=\skip71
\f@nch@O@orh=\skip72
\f@nch@O@elf=\skip73
\f@nch@O@erf=\skip74
\f@nch@O@olf=\skip75
\f@nch@O@orf=\skip76
))
(./sphinxlatexstyleheadings.sty
File: sphinxlatexstyleheadings.sty 2021/01/27 headings

(/usr/share/texlive/texmf-dist/tex/latex/titlesec/titlesec.sty
Package: titlesec 2019/10/16 v2.13 Sectioning titles
\ttl@box=\box124
\beforetitleunit=\skip77
\aftertitleunit=\skip78
\ttl@plus=\dimen307
\ttl@minus=\dimen308
\ttl@toksa=\toks48
\titlewidth=\dimen309
\titlewidthlast=\dimen310
\titlewidthfirst=\dimen311
))
(./sphinxlatexstyletext.sty
File: sphinxlatexstyletext.sty 2021/12/06 text styling
) (./sphinxlatexobjects.sty
File: sphinxlatexobjects.sty 2022/01/13 documentation environments
\sphinxsignaturesep=\skip79
\py@argswidth=\skip80
\lineblockindentation=\skip81
\DUlineblockindent=\skip82
))
(/usr/share/texlive/texmf-dist/tex/latex/geometry/geometry.sty
Package: geometry 2020/01/02 v5.9 Page Geometry

(/usr/share/texlive/texmf-dist/tex/generic/iftex/ifvtex.sty
Package: ifvtex 2019/10/25 v1.7 ifvtex legacy package. Use iftex instead.
)
\Gm@cnth=\count329
\Gm@cntv=\count330
\c@Gm@tempcnt=\count331
\Gm@bindingoffset=\dimen312
\Gm@wd@mp=\dimen313
\Gm@odd@mp=\dimen314
\Gm@even@mp=\dimen315
\Gm@layoutwidth=\dimen316
\Gm@layoutheight=\dimen317
\Gm@layouthoffset=\dimen318
\Gm@layoutvoffset=\dimen319
\Gm@dimlist=\toks49
)
(/usr/share/texlive/texmf-dist/tex/latex/hyperref/hyperref.sty
Package: hyperref 2020/01/14 v7.00d Hypertext links for LaTeX

(/usr/share/texlive/texmf-dist/tex/latex/pdftexcmds/pdftexcmds.sty
Package: pdftexcmds 2019/11/24 v0.31 Utility functions of pdfTeX for LuaTeX (HO
)

(/usr/share/texlive/texmf-dist/tex/generic/infwarerr/infwarerr.sty
Package: infwarerr 2019/12/03 v1.5 Providing info/warning/error messages (HO)
)
Package pdftexcmds Info: \pdf@primitive is available.
Package pdftexcmds Info: \pdf@ifprimitive is available.
Package pdftexcmds Info: \pdfdraftmode not found.
)
(/usr/share/texlive/texmf-dist/tex/generic/kvdefinekeys/kvdefinekeys.sty
Package: kvdefinekeys 2019-12-19 v1.6 Define keys (HO)
)
(/usr/share/texlive/texmf-dist/tex/generic/pdfescape/pdfescape.sty
Package: pdfescape 2019/12/09 v1.15 Implements pdfTeX's escape features (HO)
)
(/usr/share/texlive/texmf-dist/tex/latex/hycolor/hycolor.sty
Package: hycolor 2020-01-27 v1.10 Color options for hyperref/bookmark (HO)
)
(/usr/share/texlive/texmf-dist/tex/latex/letltxmacro/letltxmacro.sty
Package: letltxmacro 2019/12/03 v1.6 Let assignment for LaTeX macros (HO)
)
(/usr/share/texlive/texmf-dist/tex/latex/auxhook/auxhook.sty
Package: auxhook 2019-12-17 v1.6 Hooks for auxiliary files (HO)
)
\@linkdim=\dimen320
\Hy@linkcounter=\count332
\Hy@pagecounter=\count333

(/usr/share/texlive/texmf-dist/tex/latex/hyperref/pd1enc.def
File: pd1enc.def 2020/01/14 v7.00d Hyperref: PDFDocEncoding definition (HO)
)
(/usr/share/texlive/texmf-dist/tex/generic/intcalc/intcalc.sty
Package: intcalc 2019/12/15 v1.3 Expandable calculations with integers (HO)
)
(/usr/share/texlive/texmf-dist/tex/generic/etexcmds/etexcmds.sty
Package: etexcmds 2019/12/15 v1.7 Avoid name clashes with e-TeX commands (HO)
)
\Hy@SavedSpaceFactor=\count334
Package hyperref Info: Option `hyperindex' set `false' on input line 4421.
Package hyperref Info: Option `unicode' set `true' on input line 4421.

(/usr/share/texlive/texmf-dist/tex/latex/hyperref/puenc.def
File: puenc.def 2020/01/14 v7.00d Hyperref: PDF Unicode definition (HO)
)
Package hyperref Info: Option `colorlinks' set `true' on input line 4421.
Package hyperref Info: Option `breaklinks' set `true' on input line 4421.
Package hyperref Info: Hyper figures OFF on input line 4547.
Package hyperref Info: Link nesting OFF on input line 4552.
Package hyperref Info: Hyper index OFF on input line 4557.
Package hyperref Info: Plain pages OFF on input line 4562.
Package hyperref Info: Backreferencing OFF on input line 4567.
Package hyperref Info: Implicit mode ON; LaTeX internals redefined.
Package hyperref Info: Bookmarks ON on input line 4800.
\c@Hy@tempcnt=\count335

(/usr/share/texlive/texmf-dist/tex/latex/url/url.sty
\Urlmuskip=\muskip17
Package: url 2013/09/16  ver 3.4  Verb mode for urls, etc.
)
LaTeX Info: Redefining \url on input line 5159.
\XeTeXLinkMargin=\dimen321

(/usr/share/texlive/texmf-dist/tex/generic/bitset/bitset.sty
Package: bitset 2019/12/09 v1.3 Handle bit-vector datatype (HO)

(/usr/share/texlive/texmf-dist/tex/generic/bigintcalc/bigintcalc.sty
Package: bigintcalc 2019/12/15 v1.5 Expandable calculations on big integers (HO
)
))
\Fld@menulength=\count336
\Field@Width=\dimen322
\Fld@charsize=\dimen323
Package hyperref Info: Hyper figures OFF on input line 6430.
Package hyperref Info: Link nesting OFF on input line 6435.
Package hyperref Info: Hyper index OFF on input line 6440.
Package hyperref Info: backreferencing OFF on input line 6445.
Package hyperref Info: Link coloring ON on input line 6448.
Package hyperref Info: Link coloring with OCG OFF on input line 6455.
Package hyperref Info: PDF/A mode OFF on input line 6460.
LaTeX Info: Redefining \ref on input line 6500.
LaTeX Info: Redefining \pageref on input line 6504.

(/usr/share/texlive/texmf-dist/tex/generic/atbegshi/atbegshi.sty
Package: atbegshi 2019/12/05 v1.19 At begin shipout hook (HO)
)
\Hy@abspage=\count337
\c@Item=\count338
\c@Hfootnote=\count339
)
Package hyperref Info: Driver (autodetected): hxetex.

(/usr/share/texlive/texmf-dist/tex/latex/hyperref/hxetex.def
File: hxetex.def 2020/01/14 v7.00d Hyperref driver for XeTeX

(/usr/share/texlive/texmf-dist/tex/generic/stringenc/stringenc.sty
Package: stringenc 2019/11/29 v1.12 Convert strings between diff. encodings (HO
)
)
\pdfm@box=\box125
\c@Hy@AnnotLevel=\count340
\HyField@AnnotCount=\count341
\Fld@listcount=\count342
\c@bookmark@seq@number=\count343

(/usr/share/texlive/texmf-dist/tex/latex/rerunfilecheck/rerunfilecheck.sty
Package: rerunfilecheck 2019/12/05 v1.9 Rerun checks for auxiliary files (HO)

(/usr/share/texlive/texmf-dist/tex/latex/atveryend/atveryend.sty
Package: atveryend 2019-12-11 v1.11 Hooks at the very end of document (HO)
)
(/usr/share/texlive/texmf-dist/tex/generic/uniquecounter/uniquecounter.sty
Package: uniquecounter 2019/12/15 v1.4 Provide unlimited unique counter (HO)
)
Package uniquecounter Info: New unique counter `rerunfilecheck' on input line 2
86.
)
\Hy@SectionHShift=\skip83
)
(/usr/share/texlive/texmf-dist/tex/latex/oberdiek/hypcap.sty
Package: hypcap 2016/05/16 v1.12 Adjusting the anchors of captions (HO)
)
(./sphinxmessages.sty
Package: sphinxmessages 2019/01/04 v2.0 Localized LaTeX macros (Sphinx team)
)
(/usr/share/texlive/texmf-dist/tex/xelatex/ucharclasses/ucharclasses.sty
Package: ucharclasses 2017/08/10 v2.3.0 Unicode block character classes for XeL
aTeX
\AlphabeticPresentationFormsClass=\XeTeXcharclass2
\BasicLatinClass=\XeTeXcharclass3
\CopticClass=\XeTeXcharclass4
\GreekAndCopticClass=\XeTeXcharclass5
\GreekExtendedClass=\XeTeXcharclass6
\LatinExtendedAdditionalClass=\XeTeXcharclass7
\LatinExtendedAClass=\XeTeXcharclass8
\LatinExtendedBClass=\XeTeXcharclass9
\LatinExtendedCClass=\XeTeXcharclass10
\LatinExtendedDClass=\XeTeXcharclass11
\LatinSupplementClass=\XeTeXcharclass12
\CopticEpactNumbersClass=\XeTeXcharclass13
\LatinExtendedEClass=\XeTeXcharclass14
)
(/usr/share/texlive/texmf-dist/tex/latex/unicode-math/unicode-math.sty
Package: unicode-math 2020/01/31 v0.8q Unicode maths in XeLaTeX and LuaLaTeX

(/usr/share/texlive/texmf-dist/tex/latex/unicode-math/unicode-math-xetex.sty
Package: unicode-math-xetex 2020/01/31 v0.8q Unicode maths in XeLaTeX and LuaLa
TeX

(/usr/share/texlive/texmf-dist/tex/latex/base/fix-cm.sty
Package: fix-cm 2015/01/14 v1.1t fixes to LaTeX

(/usr/share/texlive/texmf-dist/tex/latex/base/ts1enc.def
File: ts1enc.def 2001/06/05 v3.0e (jk/car/fm) Standard LaTeX file
LaTeX Font Info:    Redeclaring font encoding TS1 on input line 47.
))
\g__um_fam_int=\count344
\g__um_fonts_used_int=\count345
\l__um_primecount_int=\count346
\g__um_primekern_muskip=\muskip18

(/usr/share/texlive/texmf-dist/tex/latex/unicode-math/unicode-math-table.tex)))
Package hyperref Info: Option `psdextra' set `true' on input line 83.
(/usr/share/texlive/texmf-dist/tex/latex/hyperref/psdextra.def
File: psdextra.def 2020/01/14 v7.00d Hyperref: Additions to PDF string support
)
\@indexfile=\write5
\openout5 = `book.idx'.


Writing index file book.idx
(./book.aux
LaTeX Info: Redefining \rmfamily on input line 19.
LaTeX Info: Redefining \sffamily on input line 19.
LaTeX Info: Redefining \ttfamily on input line 19.
)
\openout1 = `book.aux'.

LaTeX Font Info:    Checking defaults for OML/cmm/m/it on input line 94.
LaTeX Font Info:    ... okay on input line 94.
LaTeX Font Info:    Checking defaults for OMS/cmsy/m/n on input line 94.
LaTeX Font Info:    ... okay on input line 94.
LaTeX Font Info:    Checking defaults for OT1/cmr/m/n on input line 94.
LaTeX Font Info:    ... okay on input line 94.
LaTeX Font Info:    Checking defaults for T1/cmr/m/n on input line 94.
LaTeX Font Info:    ... okay on input line 94.
LaTeX Font Info:    Checking defaults for TS1/cmr/m/n on input line 94.
LaTeX Font Info:    ... okay on input line 94.
LaTeX Font Info:    Checking defaults for TU/lmr/m/n on input line 94.
LaTeX Font Info:    ... okay on input line 94.
LaTeX Font Info:    Checking defaults for OMX/cmex/m/n on input line 94.
LaTeX Font Info:    ... okay on input line 94.
LaTeX Font Info:    Checking defaults for U/cmr/m/n on input line 94.
LaTeX Font Info:    ... okay on input line 94.
LaTeX Font Info:    Checking defaults for PD1/pdf/m/n on input line 94.
LaTeX Font Info:    ... okay on input line 94.
LaTeX Font Info:    Checking defaults for PU/pdf/m/n on input line 94.
LaTeX Font Info:    ... okay on input line 94.
 ABD: EveryShipout initializing macros

Package pgfplots Warning: running in backwards compatibility mode (unsuitable t
ick labels; missing features). Consider writing \pgfplotsset{compat=1.16} into 
your preamble.
 on input line 94.

\c@literalblock=\count347
*geometry* driver: auto-detecting
*geometry* detected driver: xetex
*geometry* verbose mode - [ preamble ] result:
* driver: xetex
* paper: letterpaper
* layout: <same size as paper>
* layoutoffset:(h,v)=(0.0pt,0.0pt)
* modes: twoside 
* h-part:(L,W,R)=(72.26999pt, 469.75502pt, 72.26999pt)
* v-part:(T,H,B)=(72.26999pt, 650.43001pt, 72.26999pt)
* \paperwidth=614.295pt
* \paperheight=794.96999pt
* \textwidth=469.75502pt
* \textheight=650.43001pt
* \oddsidemargin=0.0pt
* \evensidemargin=0.0pt
* \topmargin=-37.0pt
* \headheight=12.0pt
* \headsep=25.0pt
* \topskip=10.0pt
* \footskip=30.0pt
* \marginparwidth=36.135pt
* \marginparsep=11.0pt
* \columnsep=10.0pt
* \skip\footins=9.0pt plus 4.0pt minus 2.0pt
* \hoffset=0.0pt
* \voffset=0.0pt
* \mag=1000
* \@twocolumnfalse
* \@twosidetrue
* \@mparswitchtrue
* \@reversemarginfalse
* (1in=72.27pt=25.4mm, 1cm=28.453pt)

\AtBeginShipoutBox=\box126
Package hyperref Info: Link coloring ON on input line 94.
(/usr/share/texlive/texmf-dist/tex/latex/hyperref/nameref.sty
Package: nameref 2019/09/16 v2.46 Cross-referencing by name of section

(/usr/share/texlive/texmf-dist/tex/latex/refcount/refcount.sty
Package: refcount 2019/12/15 v3.6 Data extraction from label references (HO)
)
(/usr/share/texlive/texmf-dist/tex/generic/gettitlestring/gettitlestring.sty
Package: gettitlestring 2019/12/15 v1.6 Cleanup title references (HO)
)
\c@section@level=\count348
)
LaTeX Info: Redefining \ref on input line 94.
LaTeX Info: Redefining \pageref on input line 94.
LaTeX Info: Redefining \nameref on input line 94.

(./book.out) (./book.out)
\@outlinefile=\write6
\openout6 = `book.out'.

LaTeX Font Info:    Overwriting math alphabet `\mathrm' in version `normal'
(Font)                  OT1/cmr/m/n --> TU/FreeSerif(0)/m/n on input line 94.
LaTeX Font Info:    Overwriting math alphabet `\mathit' in version `normal'
(Font)                  OT1/cmr/m/it --> TU/FreeSerif(0)/m/it on input line 94.

LaTeX Font Info:    Overwriting math alphabet `\mathbf' in version `normal'
(Font)                  OT1/cmr/bx/n --> TU/FreeSerif(0)/b/n on input line 94.
LaTeX Font Info:    Overwriting math alphabet `\mathsf' in version `normal'
(Font)                  OT1/cmss/m/n --> TU/FreeSans(0)/m/n on input line 94.
LaTeX Font Info:    Overwriting math alphabet `\mathsf' in version `bold'
(Font)                  OT1/cmss/bx/n --> TU/FreeSans(0)/b/n on input line 94.
LaTeX Font Info:    Overwriting math alphabet `\mathtt' in version `normal'
(Font)                  OT1/cmtt/m/n --> TU/FreeMono(0)/m/n on input line 94.
LaTeX Font Info:    Overwriting math alphabet `\mathtt' in version `bold'
(Font)                  OT1/cmtt/m/n --> TU/FreeMono(0)/b/n on input line 94.

Package fontspec Info: Font family 'latinmodern-math.otf(0)' created for font
(fontspec)             'latinmodern-math.otf' with options
(fontspec)             [BoldItalicFont={},ItalicFont={},SmallCapsFont={},Script
=Math,BoldFont={latinmodern-math.otf}].
(fontspec)              
(fontspec)              This font family consists of the following NFSS
(fontspec)             series/shapes:
(fontspec)              
(fontspec)             - 'normal' (m/n) with NFSS spec.:
(fontspec)             <->"[latinmodern-math.otf]/OT:script=math;language=dflt;
"
(fontspec)             - 'small caps'  (m/sc) with NFSS spec.: 
(fontspec)             - 'bold' (b/n) with NFSS spec.:
(fontspec)             <->"[latinmodern-math.otf]/OT:script=math;language=dflt;
"
(fontspec)             - 'bold small caps'  (b/sc) with NFSS spec.: 


Package fontspec Info: Font family 'latinmodern-math.otf(1)' created for font
(fontspec)             'latinmodern-math.otf' with options
(fontspec)             [BoldItalicFont={},ItalicFont={},SmallCapsFont={},Script
=Math,SizeFeatures={{Size=8.5-},{Size=6-8.5,Font=latinmodern-math.otf,Style=Mat
hScript},{Size=-6,Font=latinmodern-math.otf,Style=MathScriptScript}},BoldFont={
latinmodern-math.otf}].
(fontspec)              
(fontspec)              This font family consists of the following NFSS
(fontspec)             series/shapes:
(fontspec)              
(fontspec)             - 'normal' (m/n) with NFSS spec.:
(fontspec)             <8.5->"[latinmodern-math.otf]/OT:script=math;language=df
lt;"<6-8.5>"[latinmodern-math.otf]/OT:script=math;language=dflt;+ssty=0;"<-6>"[
latinmodern-math.otf]/OT:script=math;language=dflt;+ssty=1;"
(fontspec)             - 'small caps'  (m/sc) with NFSS spec.: 
(fontspec)             - 'bold' (b/n) with NFSS spec.:
(fontspec)             <->"[latinmodern-math.otf]/OT:script=math;language=dflt;
"
(fontspec)             - 'bold small caps'  (b/sc) with NFSS spec.: 

LaTeX Font Info:    Encoding `OT1' has changed to `TU' for symbol font
(Font)              `operators' in the math version `normal' on input line 94.
LaTeX Font Info:    Overwriting symbol font `operators' in version `normal'
(Font)                  OT1/cmr/m/n --> TU/latinmodern-math.otf(1)/m/n on input
 line 94.
LaTeX Font Info:    Encoding `OT1' has changed to `TU' for symbol font
(Font)              `operators' in the math version `bold' on input line 94.
LaTeX Font Info:    Overwriting symbol font `operators' in version `bold'
(Font)                  OT1/cmr/bx/n --> TU/latinmodern-math.otf(1)/b/n on inpu
t line 94.

Package fontspec Info: latinmodern-math scale = 1.0001.


Package fontspec Info: latinmodern-math scale = 1.0001.


Package fontspec Info: latinmodern-math scale = 1.0001.


Package fontspec Info: latinmodern-math scale = 1.0001.


Package fontspec Info: latinmodern-math scale = 1.0001.


Package fontspec Info: Font family 'latinmodern-math.otf(2)' created for font
(fontspec)             'latinmodern-math.otf' with options
(fontspec)             [BoldItalicFont={},ItalicFont={},SmallCapsFont={},Script
=Math,SizeFeatures={{Size=8.5-},{Size=6-8.5,Font=latinmodern-math.otf,Style=Mat
hScript},{Size=-6,Font=latinmodern-math.otf,Style=MathScriptScript}},BoldFont={
latinmodern-math.otf},ScaleAgain=1.0001,FontAdjustment={\fontdimen
(fontspec)             8\font =6.77pt\relax \fontdimen 9\font =3.94pt\relax
(fontspec)             \fontdimen 10\font =4.44pt\relax \fontdimen 11\font
(fontspec)             =6.86pt\relax \fontdimen 12\font =3.45pt\relax
(fontspec)             \fontdimen 13\font =3.63pt\relax \fontdimen 14\font
(fontspec)             =3.63pt\relax \fontdimen 15\font =2.89pt\relax
(fontspec)             \fontdimen 16\font =2.47pt\relax \fontdimen 17\font
(fontspec)             =2.47pt\relax \fontdimen 18\font =2.5pt\relax
(fontspec)             \fontdimen 19\font =2.0pt\relax \fontdimen 22\font
(fontspec)             =2.5pt\relax \fontdimen 20\font =0pt\relax \fontdimen
(fontspec)             21\font =0pt\relax }].
(fontspec)              
(fontspec)              This font family consists of the following NFSS
(fontspec)             series/shapes:
(fontspec)              
(fontspec)             - 'normal' (m/n) with NFSS spec.:
(fontspec)             <8.5->s*[1.0001]"[latinmodern-math.otf]/OT:script=math;l
anguage=dflt;"<6-8.5>s*[1.0001]"[latinmodern-math.otf]/OT:script=math;language=
dflt;+ssty=0;"<-6>s*[1.0001]"[latinmodern-math.otf]/OT:script=math;language=dfl
t;+ssty=1;"
(fontspec)             - 'small caps'  (m/sc) with NFSS spec.: 
(fontspec)             and font adjustment code:
(fontspec)             \fontdimen 8\font =6.77pt\relax \fontdimen 9\font
(fontspec)             =3.94pt\relax \fontdimen 10\font =4.44pt\relax
(fontspec)             \fontdimen 11\font =6.86pt\relax \fontdimen 12\font
(fontspec)             =3.45pt\relax \fontdimen 13\font =3.63pt\relax
(fontspec)             \fontdimen 14\font =3.63pt\relax \fontdimen 15\font
(fontspec)             =2.89pt\relax \fontdimen 16\font =2.47pt\relax
(fontspec)             \fontdimen 17\font =2.47pt\relax \fontdimen 18\font
(fontspec)             =2.5pt\relax \fontdimen 19\font =2.0pt\relax \fontdimen
(fontspec)             22\font =2.5pt\relax \fontdimen 20\font =0pt\relax
(fontspec)             \fontdimen 21\font =0pt\relax 
(fontspec)             - 'bold' (b/n) with NFSS spec.:
(fontspec)             <->s*[1.0001]"[latinmodern-math.otf]/OT:script=math;lang
uage=dflt;"
(fontspec)             - 'bold small caps'  (b/sc) with NFSS spec.: 
(fontspec)             and font adjustment code:
(fontspec)             \fontdimen 8\font =6.77pt\relax \fontdimen 9\font
(fontspec)             =3.94pt\relax \fontdimen 10\font =4.44pt\relax
(fontspec)             \fontdimen 11\font =6.86pt\relax \fontdimen 12\font
(fontspec)             =3.45pt\relax \fontdimen 13\font =3.63pt\relax
(fontspec)             \fontdimen 14\font =3.63pt\relax \fontdimen 15\font
(fontspec)             =2.89pt\relax \fontdimen 16\font =2.47pt\relax
(fontspec)             \fontdimen 17\font =2.47pt\relax \fontdimen 18\font
(fontspec)             =2.5pt\relax \fontdimen 19\font =2.0pt\relax \fontdimen
(fontspec)             22\font =2.5pt\relax \fontdimen 20\font =0pt\relax
(fontspec)             \fontdimen 21\font =0pt\relax 

LaTeX Font Info:    Encoding `OMS' has changed to `TU' for symbol font
(Font)              `symbols' in the math version `normal' on input line 94.
LaTeX Font Info:    Overwriting symbol font `symbols' in version `normal'
(Font)                  OMS/cmsy/m/n --> TU/latinmodern-math.otf(2)/m/n on inpu
t line 94.
LaTeX Font Info:    Encoding `OMS' has changed to `TU' for symbol font
(Font)              `symbols' in the math version `bold' on input line 94.
LaTeX Font Info:    Overwriting symbol font `symbols' in version `bold'
(Font)                  OMS/cmsy/b/n --> TU/latinmodern-math.otf(2)/b/n on inpu
t line 94.

Package fontspec Info: latinmodern-math scale = 0.9999.


Package fontspec Info: latinmodern-math scale = 0.9999.


Package fontspec Info: latinmodern-math scale = 0.9999.


Package fontspec Info: latinmodern-math scale = 0.9999.


Package fontspec Info: latinmodern-math scale = 0.9999.


Package fontspec Info: Font family 'latinmodern-math.otf(3)' created for font
(fontspec)             'latinmodern-math.otf' with options
(fontspec)             [BoldItalicFont={},ItalicFont={},SmallCapsFont={},Script
=Math,SizeFeatures={{Size=8.5-},{Size=6-8.5,Font=latinmodern-math.otf,Style=Mat
hScript},{Size=-6,Font=latinmodern-math.otf,Style=MathScriptScript}},BoldFont={
latinmodern-math.otf},ScaleAgain=0.9999,FontAdjustment={\fontdimen
(fontspec)             8\font =0.4pt\relax \fontdimen 9\font =2.0pt\relax
(fontspec)             \fontdimen 10\font =1.67pt\relax \fontdimen 11\font
(fontspec)             =1.11pt\relax \fontdimen 12\font =6.0pt\relax
(fontspec)             \fontdimen 13\font =0pt\relax }].
(fontspec)              
(fontspec)              This font family consists of the following NFSS
(fontspec)             series/shapes:
(fontspec)              
(fontspec)             - 'normal' (m/n) with NFSS spec.:
(fontspec)             <8.5->s*[0.9999]"[latinmodern-math.otf]/OT:script=math;l
anguage=dflt;"<6-8.5>s*[0.9999]"[latinmodern-math.otf]/OT:script=math;language=
dflt;+ssty=0;"<-6>s*[0.9999]"[latinmodern-math.otf]/OT:script=math;language=dfl
t;+ssty=1;"
(fontspec)             - 'small caps'  (m/sc) with NFSS spec.: 
(fontspec)             and font adjustment code:
(fontspec)             \fontdimen 8\font =0.4pt\relax \fontdimen 9\font
(fontspec)             =2.0pt\relax \fontdimen 10\font =1.67pt\relax
(fontspec)             \fontdimen 11\font =1.11pt\relax \fontdimen 12\font
(fontspec)             =6.0pt\relax \fontdimen 13\font =0pt\relax 
(fontspec)             - 'bold' (b/n) with NFSS spec.:
(fontspec)             <->s*[0.9999]"[latinmodern-math.otf]/OT:script=math;lang
uage=dflt;"
(fontspec)             - 'bold small caps'  (b/sc) with NFSS spec.: 
(fontspec)             and font adjustment code:
(fontspec)             \fontdimen 8\font =0.4pt\relax \fontdimen 9\font
(fontspec)             =2.0pt\relax \fontdimen 10\font =1.67pt\relax
(fontspec)             \fontdimen 11\font =1.11pt\relax \fontdimen 12\font
(fontspec)             =6.0pt\relax \fontdimen 13\font =0pt\relax 

LaTeX Font Info:    Encoding `OMX' has changed to `TU' for symbol font
(Font)              `largesymbols' in the math version `normal' on input line 9
4.
LaTeX Font Info:    Overwriting symbol font `largesymbols' in version `normal'
(Font)                  OMX/cmex/m/n --> TU/latinmodern-math.otf(3)/m/n on inpu
t line 94.
LaTeX Font Info:    Encoding `OMX' has changed to `TU' for symbol font
(Font)              `largesymbols' in the math version `bold' on input line 94.

LaTeX Font Info:    Overwriting symbol font `largesymbols' in version `bold'
(Font)                  OMX/cmex/m/n --> TU/latinmodern-math.otf(3)/b/n on inpu
t line 94.
LaTeX Info: Redefining \rmfamily on input line 94.
LaTeX Info: Redefining \sffamily on input line 94.
LaTeX Info: Redefining \ttfamily on input line 94.
Package hyperref Info: Option `pageanchor' set `false' on input line 97.

(/usr/share/texlive/texmf-dist/tex/generic/stringenc/se-ascii-print.def
File: se-ascii-print.def 2019/11/29 v1.12 stringenc: Printable ASCII characters

)
LaTeX Font Info:    Font shape `TU/latinmodern-math.otf(2)/m/n' will be
(Font)              scaled to size 17.28183pt on input line 97.
LaTeX Font Info:    Font shape `TU/latinmodern-math.otf(2)/m/n' will be
(Font)              scaled to size 12.00128pt on input line 97.
LaTeX Font Info:    Font shape `TU/latinmodern-math.otf(2)/m/n' will be
(Font)              scaled to size 10.00107pt on input line 97.
LaTeX Font Info:    Font shape `TU/latinmodern-math.otf(3)/m/n' will be
(Font)              scaled to size 17.27815pt on input line 97.
LaTeX Font Info:    Font shape `TU/latinmodern-math.otf(3)/m/n' will be
(Font)              scaled to size 11.99872pt on input line 97.
LaTeX Font Info:    Font shape `TU/latinmodern-math.otf(3)/m/n' will be
(Font)              scaled to size 9.99893pt on input line 97.
LaTeX Font Info:    Trying to load font information for U+msa on input line 97.


(/usr/share/texlive/texmf-dist/tex/latex/amsfonts/umsa.fd
File: umsa.fd 2013/01/14 v3.01 AMS symbols A
)
LaTeX Font Info:    Trying to load font information for U+msb on input line 97.


(/usr/share/texlive/texmf-dist/tex/latex/amsfonts/umsb.fd
File: umsb.fd 2013/01/14 v3.01 AMS symbols B
)
LaTeX Font Info:    Trying to load font information for U+rsfs on input line 97
.

(/usr/share/texlive/texmf-dist/tex/latex/jknapltx/ursfs.fd
File: ursfs.fd 1998/03/24 rsfs font definition file (jk)
) [1

] [2


] (./book.toc
LaTeX Info: Redefining \rmfamily on input line 1.
LaTeX Info: Redefining \sffamily on input line 1.
LaTeX Info: Redefining \ttfamily on input line 1.
LaTeX Font Info:    Font shape `TU/latinmodern-math.otf(2)/m/n' will be
(Font)              scaled to size 7.00075pt on input line 5.
LaTeX Font Info:    Font shape `TU/latinmodern-math.otf(2)/m/n' will be
(Font)              scaled to size 5.00053pt on input line 5.
LaTeX Font Info:    Font shape `TU/latinmodern-math.otf(3)/m/n' will be
(Font)              scaled to size 6.99925pt on input line 5.
LaTeX Font Info:    Font shape `TU/latinmodern-math.otf(3)/m/n' will be
(Font)              scaled to size 4.99947pt on input line 5.
[1

] [2] [3] [4] [5] [6])
\tf@toc=\write7
\openout7 = `book.toc'.

 [7] [8

]
LaTeX Info: Redefining \rmfamily on input line 147.
LaTeX Info: Redefining \sffamily on input line 147.
LaTeX Info: Redefining \ttfamily on input line 147.
 [1]
LaTeX Info: Redefining \rmfamily on input line 147.
LaTeX Info: Redefining \sffamily on input line 147.
LaTeX Info: Redefining \ttfamily on input line 147.
 [2

] [3] [4]
Chapter 1.
[5

]
LaTeX Info: Redefining \rmfamily on input line 190.
LaTeX Info: Redefining \sffamily on input line 190.
LaTeX Info: Redefining \ttfamily on input line 190.
 [6

]
Chapter 2.
LaTeX Font Info:    Font shape `TU/latinmodern-math.otf(2)/m/n' will be
(Font)              scaled to size 8.00085pt on input line 223.
LaTeX Font Info:    Font shape `TU/latinmodern-math.otf(2)/m/n' will be
(Font)              scaled to size 6.00064pt on input line 223.
LaTeX Font Info:    Font shape `TU/latinmodern-math.otf(3)/m/n' will be
(Font)              scaled to size 7.99915pt on input line 223.
LaTeX Font Info:    Font shape `TU/latinmodern-math.otf(3)/m/n' will be
(Font)              scaled to size 5.99936pt on input line 223.

Package hyperref Warning: Token not allowed in a PDF string (Unicode):
(hyperref)                removing `math shift' on input line 223.


Package hyperref Warning: Token not allowed in a PDF string (Unicode):
(hyperref)                removing `\mathbf' on input line 223.


Package hyperref Warning: Token not allowed in a PDF string (Unicode):
(hyperref)                removing `math shift' on input line 223.


Package hyperref Warning: Token not allowed in a PDF string (Unicode):
(hyperref)                removing `\mathbf' on input line 223.


Package hyperref Warning: Token not allowed in a PDF string (Unicode):
(hyperref)                removing `superscript' on input line 223.

[7]
LaTeX Info: Redefining \rmfamily on input line 253.
LaTeX Info: Redefining \sffamily on input line 253.
LaTeX Info: Redefining \ttfamily on input line 253.
 [8]
Chapter 3.
[9

]
LaTeX Info: Redefining \rmfamily on input line 377.
LaTeX Info: Redefining \sffamily on input line 377.
LaTeX Info: Redefining \ttfamily on input line 377.
 [10]
LaTeX Info: Redefining \rmfamily on input line 432.
LaTeX Info: Redefining \sffamily on input line 432.
LaTeX Info: Redefining \ttfamily on input line 432.
 [11]
LaTeX Info: Redefining \rmfamily on input line 520.
LaTeX Info: Redefining \sffamily on input line 520.
LaTeX Info: Redefining \ttfamily on input line 520.
 [12]
LaTeX Info: Redefining \rmfamily on input line 580.
LaTeX Info: Redefining \sffamily on input line 580.
LaTeX Info: Redefining \ttfamily on input line 580.
 [13]
LaTeX Info: Redefining \rmfamily on input line 580.
LaTeX Info: Redefining \sffamily on input line 580.
LaTeX Info: Redefining \ttfamily on input line 580.
 [14

]
Chapter 4.
[15]
LaTeX Info: Redefining \rmfamily on input line 610.
LaTeX Info: Redefining \sffamily on input line 610.
LaTeX Info: Redefining \ttfamily on input line 610.
 [16

]
Chapter 5.
[17]
LaTeX Info: Redefining \rmfamily on input line 729.
LaTeX Info: Redefining \sffamily on input line 729.
LaTeX Info: Redefining \ttfamily on input line 729.
 [18]
LaTeX Info: Redefining \rmfamily on input line 799.
LaTeX Info: Redefining \sffamily on input line 799.
LaTeX Info: Redefining \ttfamily on input line 799.
 [19]
LaTeX Info: Redefining \rmfamily on input line 872.
LaTeX Info: Redefining \sffamily on input line 872.
LaTeX Info: Redefining \ttfamily on input line 872.
 [20]
LaTeX Font Info:    Font shape `TU/latinmodern-math.otf(2)/b/n' will be
(Font)              scaled to size 10.00107pt on input line 889.
LaTeX Font Info:    Font shape `TU/latinmodern-math.otf(2)/b/n' will be
(Font)              scaled to size 7.00075pt on input line 889.
LaTeX Font Info:    Font shape `TU/latinmodern-math.otf(2)/b/n' will be
(Font)              scaled to size 5.00053pt on input line 889.
LaTeX Font Info:    Font shape `TU/latinmodern-math.otf(3)/b/n' will be
(Font)              scaled to size 9.99893pt on input line 889.
LaTeX Font Info:    Font shape `TU/latinmodern-math.otf(3)/b/n' will be
(Font)              scaled to size 6.99925pt on input line 889.
LaTeX Font Info:    Font shape `TU/latinmodern-math.otf(3)/b/n' will be
(Font)              scaled to size 4.99947pt on input line 889.
LaTeX Info: Redefining \rmfamily on input line 941.
LaTeX Info: Redefining \sffamily on input line 941.
LaTeX Info: Redefining \ttfamily on input line 941.
 [21]
LaTeX Info: Redefining \rmfamily on input line 987.
LaTeX Info: Redefining \sffamily on input line 987.
LaTeX Info: Redefining \ttfamily on input line 987.
 [22]
Chapter 6.
[23

]
LaTeX Info: Redefining \rmfamily on input line 1000.
LaTeX Info: Redefining \sffamily on input line 1000.
LaTeX Info: Redefining \ttfamily on input line 1000.
 [24

] [25] [26]
Chapter 7.
[27

]
LaTeX Info: Redefining \rmfamily on input line 1064.
LaTeX Info: Redefining \sffamily on input line 1064.
LaTeX Info: Redefining \ttfamily on input line 1064.
 [28] [29

] [30]
Chapter 8.
LaTeX Font Info:    Font shape `TU/latinmodern-math.otf(2)/m/n' will be
(Font)              scaled to size 14.40152pt on input line 1072.
LaTeX Font Info:    Font shape `TU/latinmodern-math.otf(3)/m/n' will be
(Font)              scaled to size 14.39845pt on input line 1072.

Package hyperref Warning: Token not allowed in a PDF string (Unicode):
(hyperref)                removing `math shift' on input line 1072.


Package hyperref Warning: Token not allowed in a PDF string (Unicode):
(hyperref)                removing `superscript' on input line 1072.

[31

]
LaTeX Info: Redefining \rmfamily on input line 1216.
LaTeX Info: Redefining \sffamily on input line 1216.
LaTeX Info: Redefining \ttfamily on input line 1216.
 [32] [33

] [34]
Chapter 9.

Package hyperref Warning: Token not allowed in a PDF string (Unicode):
(hyperref)                removing `math shift' on input line 1232.


Package hyperref Warning: Token not allowed in a PDF string (Unicode):
(hyperref)                removing `\symscr' on input line 1232.

[35

]

Package hyperref Warning: Token not allowed in a PDF string (Unicode):
(hyperref)                removing `math shift' on input line 1313.


Package hyperref Warning: Token not allowed in a PDF string (Unicode):
(hyperref)                removing `\symscr' on input line 1313.

LaTeX Info: Redefining \rmfamily on input line 1358.
LaTeX Info: Redefining \sffamily on input line 1358.
LaTeX Info: Redefining \ttfamily on input line 1358.
[36]
LaTeX Info: Redefining \rmfamily on input line 1430.
LaTeX Info: Redefining \sffamily on input line 1430.
LaTeX Info: Redefining \ttfamily on input line 1430.
 [37]
LaTeX Info: Redefining \rmfamily on input line 1508.
LaTeX Info: Redefining \sffamily on input line 1508.
LaTeX Info: Redefining \ttfamily on input line 1508.
 [38]
LaTeX Info: Redefining \rmfamily on input line 1573.
LaTeX Info: Redefining \sffamily on input line 1573.
LaTeX Info: Redefining \ttfamily on input line 1573.
 [39]
LaTeX Info: Redefining \rmfamily on input line 1633.
LaTeX Info: Redefining \sffamily on input line 1633.
LaTeX Info: Redefining \ttfamily on input line 1633.
 [40]
LaTeX Info: Redefining \rmfamily on input line 1670.
LaTeX Info: Redefining \sffamily on input line 1670.
LaTeX Info: Redefining \ttfamily on input line 1670.
 [41]
LaTeX Info: Redefining \rmfamily on input line 1670.
LaTeX Info: Redefining \sffamily on input line 1670.
LaTeX Info: Redefining \ttfamily on input line 1670.
 [42

]
Chapter 10.
[43]
LaTeX Info: Redefining \rmfamily on input line 1802.
LaTeX Info: Redefining \sffamily on input line 1802.
LaTeX Info: Redefining \ttfamily on input line 1802.
 [44]
LaTeX Info: Redefining \rmfamily on input line 1854.
LaTeX Info: Redefining \sffamily on input line 1854.
LaTeX Info: Redefining \ttfamily on input line 1854.
 [45]
LaTeX Info: Redefining \rmfamily on input line 1898.
LaTeX Info: Redefining \sffamily on input line 1898.
LaTeX Info: Redefining \ttfamily on input line 1898.
 [46]
LaTeX Info: Redefining \rmfamily on input line 1940.
LaTeX Info: Redefining \sffamily on input line 1940.
LaTeX Info: Redefining \ttfamily on input line 1940.
 [47]

Package hyperref Warning: Token not allowed in a PDF string (Unicode):
(hyperref)                removing `math shift' on input line 1943.


Package hyperref Warning: Token not allowed in a PDF string (Unicode):
(hyperref)                removing `superscript' on input line 1943.


Package hyperref Warning: Token not allowed in a PDF string (Unicode):
(hyperref)                removing `math shift' on input line 1943.

LaTeX Info: Redefining \rmfamily on input line 2002.
LaTeX Info: Redefining \sffamily on input line 2002.
LaTeX Info: Redefining \ttfamily on input line 2002.
[48]
LaTeX Info: Redefining \rmfamily on input line 2061.
LaTeX Info: Redefining \sffamily on input line 2061.
LaTeX Info: Redefining \ttfamily on input line 2061.
 [49]
LaTeX Info: Redefining \rmfamily on input line 2135.
LaTeX Info: Redefining \sffamily on input line 2135.
LaTeX Info: Redefining \ttfamily on input line 2135.
 [50]
LaTeX Info: Redefining \rmfamily on input line 2199.
LaTeX Info: Redefining \sffamily on input line 2199.
LaTeX Info: Redefining \ttfamily on input line 2199.
 [51]

Package hyperref Warning: Token not allowed in a PDF string (Unicode):
(hyperref)                removing `math shift' on input line 2235.


Package hyperref Warning: Token not allowed in a PDF string (Unicode):
(hyperref)                removing `superscript' on input line 2235.

LaTeX Info: Redefining \rmfamily on input line 2259.
LaTeX Info: Redefining \sffamily on input line 2259.
LaTeX Info: Redefining \ttfamily on input line 2259.
[52]
LaTeX Info: Redefining \rmfamily on input line 2323.
LaTeX Info: Redefining \sffamily on input line 2323.
LaTeX Info: Redefining \ttfamily on input line 2323.
 [53]

Package hyperref Warning: Token not allowed in a PDF string (Unicode):
(hyperref)                removing `math shift' on input line 2340.


Package hyperref Warning: Token not allowed in a PDF string (Unicode):
(hyperref)                removing `superscript' on input line 2340.

LaTeX Info: Redefining \rmfamily on input line 2378.
LaTeX Info: Redefining \sffamily on input line 2378.
LaTeX Info: Redefining \ttfamily on input line 2378.
[54]
LaTeX Info: Redefining \rmfamily on input line 2421.
LaTeX Info: Redefining \sffamily on input line 2421.
LaTeX Info: Redefining \ttfamily on input line 2421.
 [55]
LaTeX Info: Redefining \rmfamily on input line 2492.
LaTeX Info: Redefining \sffamily on input line 2492.
LaTeX Info: Redefining \ttfamily on input line 2492.
 [56]
LaTeX Info: Redefining \rmfamily on input line 2539.
LaTeX Info: Redefining \sffamily on input line 2539.
LaTeX Info: Redefining \ttfamily on input line 2539.
 [57]

Package hyperref Warning: Token not allowed in a PDF string (Unicode):
(hyperref)                removing `math shift' on input line 2554.


Package hyperref Warning: Token not allowed in a PDF string (Unicode):
(hyperref)                removing `superscript' on input line 2554.

LaTeX Info: Redefining \rmfamily on input line 2602.
LaTeX Info: Redefining \sffamily on input line 2602.
LaTeX Info: Redefining \ttfamily on input line 2602.
[58]
LaTeX Info: Redefining \rmfamily on input line 2617.
LaTeX Info: Redefining \sffamily on input line 2617.
LaTeX Info: Redefining \ttfamily on input line 2617.
 [59]
LaTeX Info: Redefining \rmfamily on input line 2617.
LaTeX Info: Redefining \sffamily on input line 2617.
LaTeX Info: Redefining \ttfamily on input line 2617.
 [60

]
Chapter 11.

Package hyperref Warning: Token not allowed in a PDF string (Unicode):
(hyperref)                removing `math shift' on input line 2620.

[61]
LaTeX Info: Redefining \rmfamily on input line 2666.
LaTeX Info: Redefining \sffamily on input line 2666.
LaTeX Info: Redefining \ttfamily on input line 2666.
 [62

]
Chapter 12.
[63]
LaTeX Info: Redefining \rmfamily on input line 2717.
LaTeX Info: Redefining \sffamily on input line 2717.
LaTeX Info: Redefining \ttfamily on input line 2717.
 [64

]
Chapter 13.

Package hyperref Warning: Token not allowed in a PDF string (Unicode):
(hyperref)                removing `math shift' on input line 2734.

[65]

Package hyperref Warning: Token not allowed in a PDF string (Unicode):
(hyperref)                removing `math shift' on input line 2810.


Package hyperref Warning: Token not allowed in a PDF string (Unicode):
(hyperref)                removing `math shift' on input line 2830.

LaTeX Info: Redefining \rmfamily on input line 2872.
LaTeX Info: Redefining \sffamily on input line 2872.
LaTeX Info: Redefining \ttfamily on input line 2872.
[66]
LaTeX Info: Redefining \rmfamily on input line 2943.
LaTeX Info: Redefining \sffamily on input line 2943.
LaTeX Info: Redefining \ttfamily on input line 2943.
 [67]
LaTeX Info: Redefining \rmfamily on input line 2943.
LaTeX Info: Redefining \sffamily on input line 2943.
LaTeX Info: Redefining \ttfamily on input line 2943.
 [68

]
Chapter 14.
[69]
LaTeX Info: Redefining \rmfamily on input line 3019.
LaTeX Info: Redefining \sffamily on input line 3019.
LaTeX Info: Redefining \ttfamily on input line 3019.
 [70]
LaTeX Info: Redefining \rmfamily on input line 3023.
LaTeX Info: Redefining \sffamily on input line 3023.
LaTeX Info: Redefining \ttfamily on input line 3023.
 [71]
LaTeX Info: Redefining \rmfamily on input line 3023.
LaTeX Info: Redefining \sffamily on input line 3023.
LaTeX Info: Redefining \ttfamily on input line 3023.
 [72

]
Chapter 15.
[73]
LaTeX Info: Redefining \rmfamily on input line 3053.
LaTeX Info: Redefining \sffamily on input line 3053.
LaTeX Info: Redefining \ttfamily on input line 3053.
 [74

] [75] [76]
Chapter 16.
[77

]
LaTeX Info: Redefining \rmfamily on input line 3077.
LaTeX Info: Redefining \sffamily on input line 3077.
LaTeX Info: Redefining \ttfamily on input line 3077.
 [78

]
Chapter 17.
[79]
LaTeX Info: Redefining \rmfamily on input line 3196.
LaTeX Info: Redefining \sffamily on input line 3196.
LaTeX Info: Redefining \ttfamily on input line 3196.
 [80]
Overfull \hbox (41.4778pt too wide) detected at line 3214
[]
 []


Package hyperref Warning: Token not allowed in a PDF string (Unicode):
(hyperref)                removing `math shift' on input line 3216.

LaTeX Info: Redefining \rmfamily on input line 3244.
LaTeX Info: Redefining \sffamily on input line 3244.
LaTeX Info: Redefining \ttfamily on input line 3244.
[81]
LaTeX Info: Redefining \rmfamily on input line 3279.
LaTeX Info: Redefining \sffamily on input line 3279.
LaTeX Info: Redefining \ttfamily on input line 3279.
 [82] [83

] [84]
Chapter 18.
[85

]
LaTeX Info: Redefining \rmfamily on input line 3295.
LaTeX Info: Redefining \sffamily on input line 3295.
LaTeX Info: Redefining \ttfamily on input line 3295.
 [86

]
Chapter 19.

Package hyperref Warning: Token not allowed in a PDF string (Unicode):
(hyperref)                removing `math shift' on input line 3298.


Package hyperref Warning: Token not allowed in a PDF string (Unicode):
(hyperref)                removing `\symbb' on input line 3298.


Package hyperref Warning: Token not allowed in a PDF string (Unicode):
(hyperref)                removing `\symbb' on input line 3298.

[87]
LaTeX Info: Redefining \rmfamily on input line 3388.
LaTeX Info: Redefining \sffamily on input line 3388.
LaTeX Info: Redefining \ttfamily on input line 3388.
 [88]

Package hyperref Warning: Token not allowed in a PDF string (Unicode):
(hyperref)                removing `math shift' on input line 3407.


Package hyperref Warning: Token not allowed in a PDF string (Unicode):
(hyperref)                removing `superscript' on input line 3407.

LaTeX Info: Redefining \rmfamily on input line 3439.
LaTeX Info: Redefining \sffamily on input line 3439.
LaTeX Info: Redefining \ttfamily on input line 3439.
[89]
LaTeX Info: Redefining \rmfamily on input line 3503.
LaTeX Info: Redefining \sffamily on input line 3503.
LaTeX Info: Redefining \ttfamily on input line 3503.
 [90]
LaTeX Info: Redefining \rmfamily on input line 3572.
LaTeX Info: Redefining \sffamily on input line 3572.
LaTeX Info: Redefining \ttfamily on input line 3572.
 [91]
LaTeX Info: Redefining \rmfamily on input line 3614.
LaTeX Info: Redefining \sffamily on input line 3614.
LaTeX Info: Redefining \ttfamily on input line 3614.
 [92]
LaTeX Info: Redefining \rmfamily on input line 3653.
LaTeX Info: Redefining \sffamily on input line 3653.
LaTeX Info: Redefining \ttfamily on input line 3653.
 [93]
LaTeX Info: Redefining \rmfamily on input line 3653.
LaTeX Info: Redefining \sffamily on input line 3653.
LaTeX Info: Redefining \ttfamily on input line 3653.
 [94

]
Chapter 20.
[95]
Overfull \hbox (14.50615pt too wide) detected at line 3745
[]
 []

LaTeX Info: Redefining \rmfamily on input line 3783.
LaTeX Info: Redefining \sffamily on input line 3783.
LaTeX Info: Redefining \ttfamily on input line 3783.
[96]
LaTeX Info: Redefining \rmfamily on input line 3821.
LaTeX Info: Redefining \sffamily on input line 3821.
LaTeX Info: Redefining \ttfamily on input line 3821.
 [97]
LaTeX Info: Redefining \rmfamily on input line 3894.
LaTeX Info: Redefining \sffamily on input line 3894.
LaTeX Info: Redefining \ttfamily on input line 3894.
 [98]
Chapter 21.

Underfull \hbox (badness 10000) in paragraph at lines 3978--3978
[]\TU/FreeSerif(0)/m/n/10 Discrete-time
 []


Underfull \hbox (badness 6252) in paragraph at lines 3978--3978
[]\TU/FreeSerif(0)/m/n/10 Continous periodic spec-
 []


Underfull \hbox (badness 10000) in paragraph at lines 3978--3978
[]\TU/FreeSerif(0)/m/n/10 Discrete Fourier
 []

[99

]
LaTeX Info: Redefining \rmfamily on input line 4074.
LaTeX Info: Redefining \sffamily on input line 4074.
LaTeX Info: Redefining \ttfamily on input line 4074.
 [100]
LaTeX Info: Redefining \rmfamily on input line 4113.
LaTeX Info: Redefining \sffamily on input line 4113.
LaTeX Info: Redefining \ttfamily on input line 4113.
 [101]
LaTeX Info: Redefining \rmfamily on input line 4194.
LaTeX Info: Redefining \sffamily on input line 4194.
LaTeX Info: Redefining \ttfamily on input line 4194.
 [102]
LaTeX Info: Redefining \rmfamily on input line 4254.
LaTeX Info: Redefining \sffamily on input line 4254.
LaTeX Info: Redefining \ttfamily on input line 4254.
 [103]
LaTeX Info: Redefining \rmfamily on input line 4289.
LaTeX Info: Redefining \sffamily on input line 4289.
LaTeX Info: Redefining \ttfamily on input line 4289.
 [104]
LaTeX Info: Redefining \rmfamily on input line 4331.
LaTeX Info: Redefining \sffamily on input line 4331.
LaTeX Info: Redefining \ttfamily on input line 4331.
 [105]
LaTeX Info: Redefining \rmfamily on input line 4397.
LaTeX Info: Redefining \sffamily on input line 4397.
LaTeX Info: Redefining \ttfamily on input line 4397.
 [106]
LaTeX Info: Redefining \rmfamily on input line 4475.
LaTeX Info: Redefining \sffamily on input line 4475.
LaTeX Info: Redefining \ttfamily on input line 4475.
 [107]
LaTeX Info: Redefining \rmfamily on input line 4530.
LaTeX Info: Redefining \sffamily on input line 4530.
LaTeX Info: Redefining \ttfamily on input line 4530.
 [108]
LaTeX Info: Redefining \rmfamily on input line 4565.
LaTeX Info: Redefining \sffamily on input line 4565.
LaTeX Info: Redefining \ttfamily on input line 4565.
 [109]

Package hyperref Warning: Token not allowed in a PDF string (Unicode):
(hyperref)                removing `math shift' on input line 4615.


Package hyperref Warning: Token not allowed in a PDF string (Unicode):
(hyperref)                removing `subscript' on input line 4615.

LaTeX Info: Redefining \rmfamily on input line 4636.
LaTeX Info: Redefining \sffamily on input line 4636.
LaTeX Info: Redefining \ttfamily on input line 4636.
[110]
LaTeX Info: Redefining \rmfamily on input line 4699.
LaTeX Info: Redefining \sffamily on input line 4699.
LaTeX Info: Redefining \ttfamily on input line 4699.
 [111]
LaTeX Info: Redefining \rmfamily on input line 4807.
LaTeX Info: Redefining \sffamily on input line 4807.
LaTeX Info: Redefining \ttfamily on input line 4807.
 [112]
File: 1734d80e9148dd6132cbfcca5537a9a4af3db563ec62b5d734211e99a7620029.png Grap
hic file (type bmp)
<1734d80e9148dd6132cbfcca5537a9a4af3db563ec62b5d734211e99a7620029.png>
LaTeX Info: Redefining \rmfamily on input line 4836.
LaTeX Info: Redefining \sffamily on input line 4836.
LaTeX Info: Redefining \ttfamily on input line 4836.
 [113]
LaTeX Info: Redefining \rmfamily on input line 4899.
LaTeX Info: Redefining \sffamily on input line 4899.
LaTeX Info: Redefining \ttfamily on input line 4899.
 [114]
Underfull \vbox (badness 10000) detected at line 4967
 []

LaTeX Info: Redefining \rmfamily on input line 4967.
LaTeX Info: Redefining \sffamily on input line 4967.
LaTeX Info: Redefining \ttfamily on input line 4967.
[115]
File: 5ec690fcf94ca2c44b64985d808faec6dad3523b7d13e101c1f35fb08e42b4b7.png Grap
hic file (type bmp)
<5ec690fcf94ca2c44b64985d808faec6dad3523b7d13e101c1f35fb08e42b4b7.png>
LaTeX Info: Redefining \rmfamily on input line 4979.
LaTeX Info: Redefining \sffamily on input line 4979.
LaTeX Info: Redefining \ttfamily on input line 4979.
 [116]
LaTeX Info: Redefining \rmfamily on input line 5052.
LaTeX Info: Redefining \sffamily on input line 5052.
LaTeX Info: Redefining \ttfamily on input line 5052.
 [117]
LaTeX Info: Redefining \rmfamily on input line 5171.
LaTeX Info: Redefining \sffamily on input line 5171.
LaTeX Info: Redefining \ttfamily on input line 5171.
 [118]
File: 8da5cb7bd0cb5173f9198d295b8aef887a351588d7cc5b7ca4a5a34f9c774dfa.png Grap
hic file (type bmp)
<8da5cb7bd0cb5173f9198d295b8aef887a351588d7cc5b7ca4a5a34f9c774dfa.png>
LaTeX Info: Redefining \rmfamily on input line 5179.
LaTeX Info: Redefining \sffamily on input line 5179.
LaTeX Info: Redefining \ttfamily on input line 5179.
 [119]
File: a7ab676610ec9980b476e20470be0db307caec07d7a5b2a404f0d305457bf1be.png Grap
hic file (type bmp)
<a7ab676610ec9980b476e20470be0db307caec07d7a5b2a404f0d305457bf1be.png>
LaTeX Info: Redefining \rmfamily on input line 5209.
LaTeX Info: Redefining \sffamily on input line 5209.
LaTeX Info: Redefining \ttfamily on input line 5209.
 [120]
File: 292488d10e90843a51902126edc0fe12d9e4b567683cee430065ea8fea9985c0.png Grap
hic file (type bmp)
<292488d10e90843a51902126edc0fe12d9e4b567683cee430065ea8fea9985c0.png>
LaTeX Info: Redefining \rmfamily on input line 5248.
LaTeX Info: Redefining \sffamily on input line 5248.
LaTeX Info: Redefining \ttfamily on input line 5248.
 [121]
LaTeX Info: Redefining \rmfamily on input line 5266.
LaTeX Info: Redefining \sffamily on input line 5266.
LaTeX Info: Redefining \ttfamily on input line 5266.
 [122]
LaTeX Info: Redefining \rmfamily on input line 5357.
LaTeX Info: Redefining \sffamily on input line 5357.
LaTeX Info: Redefining \ttfamily on input line 5357.
 [123]
LaTeX Info: Redefining \rmfamily on input line 5403.
LaTeX Info: Redefining \sffamily on input line 5403.
LaTeX Info: Redefining \ttfamily on input line 5403.
 [124]
Chapter 22.
[125

]
LaTeX Info: Redefining \rmfamily on input line 5508.
LaTeX Info: Redefining \sffamily on input line 5508.
LaTeX Info: Redefining \ttfamily on input line 5508.
 [126]
LaTeX Info: Redefining \rmfamily on input line 5555.
LaTeX Info: Redefining \sffamily on input line 5555.
LaTeX Info: Redefining \ttfamily on input line 5555.
 [127]
LaTeX Info: Redefining \rmfamily on input line 5612.
LaTeX Info: Redefining \sffamily on input line 5612.
LaTeX Info: Redefining \ttfamily on input line 5612.
 [128]
LaTeX Info: Redefining \rmfamily on input line 5673.
LaTeX Info: Redefining \sffamily on input line 5673.
LaTeX Info: Redefining \ttfamily on input line 5673.
 [129]
LaTeX Info: Redefining \rmfamily on input line 5678.
LaTeX Info: Redefining \sffamily on input line 5678.
LaTeX Info: Redefining \ttfamily on input line 5678.
 [130] [131

] [132]
Chapter 23.
[133

]
LaTeX Info: Redefining \rmfamily on input line 5716.
LaTeX Info: Redefining \sffamily on input line 5716.
LaTeX Info: Redefining \ttfamily on input line 5716.
 [134

]
Chapter 24.
[135]
LaTeX Info: Redefining \rmfamily on input line 5847.
LaTeX Info: Redefining \sffamily on input line 5847.
LaTeX Info: Redefining \ttfamily on input line 5847.
 [136]
LaTeX Info: Redefining \rmfamily on input line 5916.
LaTeX Info: Redefining \sffamily on input line 5916.
LaTeX Info: Redefining \ttfamily on input line 5916.
 [137]
LaTeX Info: Redefining \rmfamily on input line 5922.
LaTeX Info: Redefining \sffamily on input line 5922.
LaTeX Info: Redefining \ttfamily on input line 5922.
 [138] [139

] [140]
Chapter 25.
[141

]
LaTeX Info: Redefining \rmfamily on input line 6069.
LaTeX Info: Redefining \sffamily on input line 6069.
LaTeX Info: Redefining \ttfamily on input line 6069.
 [142]
LaTeX Info: Redefining \rmfamily on input line 6145.
LaTeX Info: Redefining \sffamily on input line 6145.
LaTeX Info: Redefining \ttfamily on input line 6145.
 [143]
LaTeX Info: Redefining \rmfamily on input line 6218.
LaTeX Info: Redefining \sffamily on input line 6218.
LaTeX Info: Redefining \ttfamily on input line 6218.
 [144]
LaTeX Info: Redefining \rmfamily on input line 6228.
LaTeX Info: Redefining \sffamily on input line 6228.
LaTeX Info: Redefining \ttfamily on input line 6228.
 [145]
LaTeX Info: Redefining \rmfamily on input line 6228.
LaTeX Info: Redefining \sffamily on input line 6228.
LaTeX Info: Redefining \ttfamily on input line 6228.
 [146

] [147] [148]
Chapter 26.
[149

]
LaTeX Info: Redefining \rmfamily on input line 6284.
LaTeX Info: Redefining \sffamily on input line 6284.
LaTeX Info: Redefining \ttfamily on input line 6284.
 [150

]
Chapter 27.

Package hyperref Warning: Token not allowed in a PDF string (Unicode):
(hyperref)                removing `math shift' on input line 6315.

[151]
LaTeX Info: Redefining \rmfamily on input line 6410.
LaTeX Info: Redefining \sffamily on input line 6410.
LaTeX Info: Redefining \ttfamily on input line 6410.
 [152]
LaTeX Info: Redefining \rmfamily on input line 6446.
LaTeX Info: Redefining \sffamily on input line 6446.
LaTeX Info: Redefining \ttfamily on input line 6446.
 [153]
LaTeX Info: Redefining \rmfamily on input line 6446.
LaTeX Info: Redefining \sffamily on input line 6446.
LaTeX Info: Redefining \ttfamily on input line 6446.
 [154

]
Chapter 28.
[155]
LaTeX Info: Redefining \rmfamily on input line 6561.
LaTeX Info: Redefining \sffamily on input line 6561.
LaTeX Info: Redefining \ttfamily on input line 6561.
 [156]
LaTeX Info: Redefining \rmfamily on input line 6615.
LaTeX Info: Redefining \sffamily on input line 6615.
LaTeX Info: Redefining \ttfamily on input line 6615.
 [157]
LaTeX Info: Redefining \rmfamily on input line 6634.
LaTeX Info: Redefining \sffamily on input line 6634.
LaTeX Info: Redefining \ttfamily on input line 6634.
 [158]
Chapter 29.
[159

]
LaTeX Info: Redefining \rmfamily on input line 6840.
LaTeX Info: Redefining \sffamily on input line 6840.
LaTeX Info: Redefining \ttfamily on input line 6840.
 [160]
LaTeX Info: Redefining \rmfamily on input line 6900.
LaTeX Info: Redefining \sffamily on input line 6900.
LaTeX Info: Redefining \ttfamily on input line 6900.
 [161]
LaTeX Info: Redefining \rmfamily on input line 6969.
LaTeX Info: Redefining \sffamily on input line 6969.
LaTeX Info: Redefining \ttfamily on input line 6969.
 [162]
LaTeX Info: Redefining \rmfamily on input line 7037.
LaTeX Info: Redefining \sffamily on input line 7037.
LaTeX Info: Redefining \ttfamily on input line 7037.
 [163]
LaTeX Info: Redefining \rmfamily on input line 7126.
LaTeX Info: Redefining \sffamily on input line 7126.
LaTeX Info: Redefining \ttfamily on input line 7126.
 [164]
LaTeX Info: Redefining \rmfamily on input line 7190.
LaTeX Info: Redefining \sffamily on input line 7190.
LaTeX Info: Redefining \ttfamily on input line 7190.
 [165]
LaTeX Info: Redefining \rmfamily on input line 7261.
LaTeX Info: Redefining \sffamily on input line 7261.
LaTeX Info: Redefining \ttfamily on input line 7261.
 [166]
LaTeX Info: Redefining \rmfamily on input line 7339.
LaTeX Info: Redefining \sffamily on input line 7339.
LaTeX Info: Redefining \ttfamily on input line 7339.
 [167]
LaTeX Info: Redefining \rmfamily on input line 7406.
LaTeX Info: Redefining \sffamily on input line 7406.
LaTeX Info: Redefining \ttfamily on input line 7406.
 [168]
File: 77c28cb6c602bac23010fed89ff06caf796ea0da2c6d34ff2f014d72fe77d0bd.png Grap
hic file (type bmp)
<77c28cb6c602bac23010fed89ff06caf796ea0da2c6d34ff2f014d72fe77d0bd.png>
File: 731cfba1f050f109bf5e078182dbdc9b90fc23e124ab33d488c73abeea91e1a4.png Grap
hic file (type bmp)
<731cfba1f050f109bf5e078182dbdc9b90fc23e124ab33d488c73abeea91e1a4.png>
LaTeX Info: Redefining \rmfamily on input line 7456.
LaTeX Info: Redefining \sffamily on input line 7456.
LaTeX Info: Redefining \ttfamily on input line 7456.
 [169]
File: 6fc1806050aba29579cc41ea1cdf2a95cd3ec7a77b104741f9436e2f1cb76dd9.png Grap
hic file (type bmp)
<6fc1806050aba29579cc41ea1cdf2a95cd3ec7a77b104741f9436e2f1cb76dd9.png>
LaTeX Info: Redefining \rmfamily on input line 7471.
LaTeX Info: Redefining \sffamily on input line 7471.
LaTeX Info: Redefining \ttfamily on input line 7471.
 [170]
File: 15453ea85aa1828761566365af14670ea82ee4796787e9edcd9c19ce4270f97b.png Grap
hic file (type bmp)
<15453ea85aa1828761566365af14670ea82ee4796787e9edcd9c19ce4270f97b.png>
File: bf2a9a6ee60754bf335840c1f7c7ad84ed9dd8c5cebc9edef35f95465cd12dbf.png Grap
hic file (type bmp)
<bf2a9a6ee60754bf335840c1f7c7ad84ed9dd8c5cebc9edef35f95465cd12dbf.png>
LaTeX Info: Redefining \rmfamily on input line 7535.
LaTeX Info: Redefining \sffamily on input line 7535.
LaTeX Info: Redefining \ttfamily on input line 7535.

[171]
LaTeX Info: Redefining \rmfamily on input line 7615.
LaTeX Info: Redefining \sffamily on input line 7615.
LaTeX Info: Redefining \ttfamily on input line 7615.
 [172]
LaTeX Info: Redefining \rmfamily on input line 7703.
LaTeX Info: Redefining \sffamily on input line 7703.
LaTeX Info: Redefining \ttfamily on input line 7703.
 [173]
LaTeX Info: Redefining \rmfamily on input line 7741.
LaTeX Info: Redefining \sffamily on input line 7741.
LaTeX Info: Redefining \ttfamily on input line 7741.
 [174]
LaTeX Info: Redefining \rmfamily on input line 7801.
LaTeX Info: Redefining \sffamily on input line 7801.
LaTeX Info: Redefining \ttfamily on input line 7801.
 [175]
LaTeX Info: Redefining \rmfamily on input line 7864.
LaTeX Info: Redefining \sffamily on input line 7864.
LaTeX Info: Redefining \ttfamily on input line 7864.
 [176]
LaTeX Info: Redefining \rmfamily on input line 7948.
LaTeX Info: Redefining \sffamily on input line 7948.
LaTeX Info: Redefining \ttfamily on input line 7948.
 [177]
LaTeX Info: Redefining \rmfamily on input line 8034.
LaTeX Info: Redefining \sffamily on input line 8034.
LaTeX Info: Redefining \ttfamily on input line 8034.
 [178]
LaTeX Info: Redefining \rmfamily on input line 8133.
LaTeX Info: Redefining \sffamily on input line 8133.
LaTeX Info: Redefining \ttfamily on input line 8133.
 [179]
File: 0553074cfdf0bdca652e883d4d181f55aca1993cbf46a146a6611f374d3f14f7.png Grap
hic file (type bmp)
<0553074cfdf0bdca652e883d4d181f55aca1993cbf46a146a6611f374d3f14f7.png>
LaTeX Info: Redefining \rmfamily on input line 8170.
LaTeX Info: Redefining \sffamily on input line 8170.
LaTeX Info: Redefining \ttfamily on input line 8170.
 [180]
File: 631ece84508ce368396f2259f4a216d72923e381b3225a417e77a0b0a0cb24a9.png Grap
hic file (type bmp)
<631ece84508ce368396f2259f4a216d72923e381b3225a417e77a0b0a0cb24a9.png>
LaTeX Info: Redefining \rmfamily on input line 8200.
LaTeX Info: Redefining \sffamily on input line 8200.
LaTeX Info: Redefining \ttfamily on input line 8200.
 [181]
File: aa8ecca53ad72cd208658f0177432335d7a5554b5373f01a2214725cc314c3e5.png Grap
hic file (type bmp)
<aa8ecca53ad72cd208658f0177432335d7a5554b5373f01a2214725cc314c3e5.png>
LaTeX Info: Redefining \rmfamily on input line 8240.
LaTeX Info: Redefining \sffamily on input line 8240.
LaTeX Info: Redefining \ttfamily on input line 8240.
 [182]
LaTeX Info: Redefining \rmfamily on input line 8275.
LaTeX Info: Redefining \sffamily on input line 8275.
LaTeX Info: Redefining \ttfamily on input line 8275.

[183]
File: c60ccb28baa3d381575b7054829e2f42e50a92a4bae39297987637db16c6f754.png Grap
hic file (type bmp)
<c60ccb28baa3d381575b7054829e2f42e50a92a4bae39297987637db16c6f754.png>
File: 8d2a171880c02ede2fd8df39d8035fbb4528e571fc9b3f9c0a3a7645e318f1a0.png Grap
hic file (type bmp)
<8d2a171880c02ede2fd8df39d8035fbb4528e571fc9b3f9c0a3a7645e318f1a0.png>
LaTeX Info: Redefining \rmfamily on input line 8324.
LaTeX Info: Redefining \sffamily on input line 8324.
LaTeX Info: Redefining \ttfamily on input line 8324.
 [184]
File: 7d4d686aac0ad39ffbb0e5b324f8aae276eba13e3f6250dbdebc5a2053c9ab64.png Grap
hic file (type bmp)
<7d4d686aac0ad39ffbb0e5b324f8aae276eba13e3f6250dbdebc5a2053c9ab64.png>
LaTeX Info: Redefining \rmfamily on input line 8326.
LaTeX Info: Redefining \sffamily on input line 8326.
LaTeX Info: Redefining \ttfamily on input line 8326.
 [185]
LaTeX Info: Redefining \rmfamily on input line 8333.
LaTeX Info: Redefining \sffamily on input line 8333.
LaTeX Info: Redefining \ttfamily on input line 8333.
 [186] [187

] [188]
Chapter 30.
[189

]
LaTeX Info: Redefining \rmfamily on input line 8381.
LaTeX Info: Redefining \sffamily on input line 8381.
LaTeX Info: Redefining \ttfamily on input line 8381.
 [190

]
Chapter 31.
[191]
LaTeX Info: Redefining \rmfamily on input line 8498.
LaTeX Info: Redefining \sffamily on input line 8498.
LaTeX Info: Redefining \ttfamily on input line 8498.
 [192]
LaTeX Info: Redefining \rmfamily on input line 8522.
LaTeX Info: Redefining \sffamily on input line 8522.
LaTeX Info: Redefining \ttfamily on input line 8522.
 [193]
LaTeX Info: Redefining \rmfamily on input line 8522.
LaTeX Info: Redefining \sffamily on input line 8522.
LaTeX Info: Redefining \ttfamily on input line 8522.
 [194

]
Chapter 32.
[195]
LaTeX Info: Redefining \rmfamily on input line 8652.
LaTeX Info: Redefining \sffamily on input line 8652.
LaTeX Info: Redefining \ttfamily on input line 8652.
 [196]
LaTeX Info: Redefining \rmfamily on input line 8703.
LaTeX Info: Redefining \sffamily on input line 8703.
LaTeX Info: Redefining \ttfamily on input line 8703.
 [197]
LaTeX Info: Redefining \rmfamily on input line 8736.
LaTeX Info: Redefining \sffamily on input line 8736.
LaTeX Info: Redefining \ttfamily on input line 8736.
 [198]
Chapter 33.
[199

]
LaTeX Info: Redefining \rmfamily on input line 8848.
LaTeX Info: Redefining \sffamily on input line 8848.
LaTeX Info: Redefining \ttfamily on input line 8848.
 [200]
LaTeX Info: Redefining \rmfamily on input line 8921.
LaTeX Info: Redefining \sffamily on input line 8921.
LaTeX Info: Redefining \ttfamily on input line 8921.
 [201]
LaTeX Info: Redefining \rmfamily on input line 8978.
LaTeX Info: Redefining \sffamily on input line 8978.
LaTeX Info: Redefining \ttfamily on input line 8978.
 [202]
LaTeX Info: Redefining \rmfamily on input line 9034.
LaTeX Info: Redefining \sffamily on input line 9034.
LaTeX Info: Redefining \ttfamily on input line 9034.
 [203]
LaTeX Info: Redefining \rmfamily on input line 9034.
LaTeX Info: Redefining \sffamily on input line 9034.
LaTeX Info: Redefining \ttfamily on input line 9034.
 [204

]
Chapter 34.
[205]
LaTeX Info: Redefining \rmfamily on input line 9121.
LaTeX Info: Redefining \sffamily on input line 9121.
LaTeX Info: Redefining \ttfamily on input line 9121.
 [206]
Chapter 35.
[207

]
LaTeX Info: Redefining \rmfamily on input line 9235.
LaTeX Info: Redefining \sffamily on input line 9235.
LaTeX Info: Redefining \ttfamily on input line 9235.
 [208]
LaTeX Info: Redefining \rmfamily on input line 9277.
LaTeX Info: Redefining \sffamily on input line 9277.
LaTeX Info: Redefining \ttfamily on input line 9277.
 [209]
LaTeX Info: Redefining \rmfamily on input line 9277.
LaTeX Info: Redefining \sffamily on input line 9277.
LaTeX Info: Redefining \ttfamily on input line 9277.
 [210

]
Chapter 36.
[211]
LaTeX Info: Redefining \rmfamily on input line 9384.
LaTeX Info: Redefining \sffamily on input line 9384.
LaTeX Info: Redefining \ttfamily on input line 9384.
 [212]
LaTeX Info: Redefining \rmfamily on input line 9418.
LaTeX Info: Redefining \sffamily on input line 9418.
LaTeX Info: Redefining \ttfamily on input line 9418.
 [213]
LaTeX Info: Redefining \rmfamily on input line 9418.
LaTeX Info: Redefining \sffamily on input line 9418.
LaTeX Info: Redefining \ttfamily on input line 9418.
 [214

]
Chapter 37.
[215]
LaTeX Info: Redefining \rmfamily on input line 9529.
LaTeX Info: Redefining \sffamily on input line 9529.
LaTeX Info: Redefining \ttfamily on input line 9529.
 [216]
Chapter 38.
[217

]
LaTeX Info: Redefining \rmfamily on input line 9654.
LaTeX Info: Redefining \sffamily on input line 9654.
LaTeX Info: Redefining \ttfamily on input line 9654.
 [218]
LaTeX Info: Redefining \rmfamily on input line 9733.
LaTeX Info: Redefining \sffamily on input line 9733.
LaTeX Info: Redefining \ttfamily on input line 9733.
 [219]
LaTeX Info: Redefining \rmfamily on input line 9816.
LaTeX Info: Redefining \sffamily on input line 9816.
LaTeX Info: Redefining \ttfamily on input line 9816.
 [220]
LaTeX Info: Redefining \rmfamily on input line 9899.
LaTeX Info: Redefining \sffamily on input line 9899.
LaTeX Info: Redefining \ttfamily on input line 9899.
 [221]
LaTeX Info: Redefining \rmfamily on input line 9899.
LaTeX Info: Redefining \sffamily on input line 9899.
LaTeX Info: Redefining \ttfamily on input line 9899.
 [222

]
Chapter 39.
[223]
LaTeX Info: Redefining \rmfamily on input line 9945.
LaTeX Info: Redefining \sffamily on input line 9945.
LaTeX Info: Redefining \ttfamily on input line 9945.
 [224

]
Chapter 40.
[225]
LaTeX Info: Redefining \rmfamily on input line 10082.
LaTeX Info: Redefining \sffamily on input line 10082.
LaTeX Info: Redefining \ttfamily on input line 10082.
 [226]
LaTeX Info: Redefining \rmfamily on input line 10137.
LaTeX Info: Redefining \sffamily on input line 10137.
LaTeX Info: Redefining \ttfamily on input line 10137.
 [227]
LaTeX Info: Redefining \rmfamily on input line 10137.
LaTeX Info: Redefining \sffamily on input line 10137.
LaTeX Info: Redefining \ttfamily on input line 10137.
 [228

]
Chapter 41.
[229]
LaTeX Info: Redefining \rmfamily on input line 10279.
LaTeX Info: Redefining \sffamily on input line 10279.
LaTeX Info: Redefining \ttfamily on input line 10279.
 [230]
Chapter 42.
[231

]
LaTeX Info: Redefining \rmfamily on input line 10404.
LaTeX Info: Redefining \sffamily on input line 10404.
LaTeX Info: Redefining \ttfamily on input line 10404.
 [232]
LaTeX Info: Redefining \rmfamily on input line 10466.
LaTeX Info: Redefining \sffamily on input line 10466.
LaTeX Info: Redefining \ttfamily on input line 10466.
 [233]
LaTeX Info: Redefining \rmfamily on input line 10471.
LaTeX Info: Redefining \sffamily on input line 10471.
LaTeX Info: Redefining \ttfamily on input line 10471.
 [234] [235

] [236]
Chapter 43.
[237

]
LaTeX Info: Redefining \rmfamily on input line 10549.
LaTeX Info: Redefining \sffamily on input line 10549.
LaTeX Info: Redefining \ttfamily on input line 10549.
 [238

]
Chapter 44.
File: closed-loop-tfs.png Graphic file (type bmp)
<closed-loop-tfs.png>
[239]
LaTeX Info: Redefining \rmfamily on input line 10779.
LaTeX Info: Redefining \sffamily on input line 10779.
LaTeX Info: Redefining \ttfamily on input line 10779.
 [240]
LaTeX Info: Redefining \rmfamily on input line 10860.
LaTeX Info: Redefining \sffamily on input line 10860.
LaTeX Info: Redefining \ttfamily on input line 10860.
 [241]
LaTeX Info: Redefining \rmfamily on input line 10928.
LaTeX Info: Redefining \sffamily on input line 10928.
LaTeX Info: Redefining \ttfamily on input line 10928.
 [242]
LaTeX Info: Redefining \rmfamily on input line 10953.
LaTeX Info: Redefining \sffamily on input line 10953.
LaTeX Info: Redefining \ttfamily on input line 10953.
 [243]
LaTeX Info: Redefining \rmfamily on input line 10953.
LaTeX Info: Redefining \sffamily on input line 10953.
LaTeX Info: Redefining \ttfamily on input line 10953.
 [244

]
Chapter 45.
File: control-reference-nyquist.png Graphic file (type bmp)
<control-reference-nyquist.png>
[245]
LaTeX Info: Redefining \rmfamily on input line 11035.
LaTeX Info: Redefining \sffamily on input line 11035.
LaTeX Info: Redefining \ttfamily on input line 11035.
 [246]
LaTeX Info: Redefining \rmfamily on input line 11068.
LaTeX Info: Redefining \sffamily on input line 11068.
LaTeX Info: Redefining \ttfamily on input line 11068.
 [247]
LaTeX Info: Redefining \rmfamily on input line 11068.
LaTeX Info: Redefining \sffamily on input line 11068.
LaTeX Info: Redefining \ttfamily on input line 11068.
 [248

]
Chapter 46.
[249]
LaTeX Info: Redefining \rmfamily on input line 11210.
LaTeX Info: Redefining \sffamily on input line 11210.
LaTeX Info: Redefining \ttfamily on input line 11210.
 [250]
LaTeX Info: Redefining \rmfamily on input line 11267.
LaTeX Info: Redefining \sffamily on input line 11267.
LaTeX Info: Redefining \ttfamily on input line 11267.
 [251]
LaTeX Info: Redefining \rmfamily on input line 11324.
LaTeX Info: Redefining \sffamily on input line 11324.
LaTeX Info: Redefining \ttfamily on input line 11324.
 [252]
LaTeX Info: Redefining \rmfamily on input line 11397.
LaTeX Info: Redefining \sffamily on input line 11397.
LaTeX Info: Redefining \ttfamily on input line 11397.
 [253]
LaTeX Info: Redefining \rmfamily on input line 11487.
LaTeX Info: Redefining \sffamily on input line 11487.
LaTeX Info: Redefining \ttfamily on input line 11487.
 [254]
LaTeX Info: Redefining \rmfamily on input line 11567.
LaTeX Info: Redefining \sffamily on input line 11567.
LaTeX Info: Redefining \ttfamily on input line 11567.
 [255]
LaTeX Info: Redefining \rmfamily on input line 11604.
LaTeX Info: Redefining \sffamily on input line 11604.
LaTeX Info: Redefining \ttfamily on input line 11604.
 [256]
LaTeX Info: Redefining \rmfamily on input line 11675.
LaTeX Info: Redefining \sffamily on input line 11675.
LaTeX Info: Redefining \ttfamily on input line 11675.
 [257]
LaTeX Info: Redefining \rmfamily on input line 11749.
LaTeX Info: Redefining \sffamily on input line 11749.
LaTeX Info: Redefining \ttfamily on input line 11749.
 [258]
LaTeX Info: Redefining \rmfamily on input line 11814.
LaTeX Info: Redefining \sffamily on input line 11814.
LaTeX Info: Redefining \ttfamily on input line 11814.
 [259]
LaTeX Info: Redefining \rmfamily on input line 11890.
LaTeX Info: Redefining \sffamily on input line 11890.
LaTeX Info: Redefining \ttfamily on input line 11890.
 [260]
LaTeX Info: Redefining \rmfamily on input line 11970.
LaTeX Info: Redefining \sffamily on input line 11970.
LaTeX Info: Redefining \ttfamily on input line 11970.

[261]
LaTeX Info: Redefining \rmfamily on input line 12029.
LaTeX Info: Redefining \sffamily on input line 12029.
LaTeX Info: Redefining \ttfamily on input line 12029.
 [262]
LaTeX Info: Redefining \rmfamily on input line 12100.
LaTeX Info: Redefining \sffamily on input line 12100.
LaTeX Info: Redefining \ttfamily on input line 12100.
 [263]
File: optimal-control-margin-1.png Graphic file (type bmp)
<optimal-control-margin-1.png>
LaTeX Info: Redefining \rmfamily on input line 12175.
LaTeX Info: Redefining \sffamily on input line 12175.
LaTeX Info: Redefining \ttfamily on input line 12175.
 [264]
LaTeX Info: Redefining \rmfamily on input line 12214.
LaTeX Info: Redefining \sffamily on input line 12214.
LaTeX Info: Redefining \ttfamily on input line 12214.
 [265]
LaTeX Info: Redefining \rmfamily on input line 12290.
LaTeX Info: Redefining \sffamily on input line 12290.
LaTeX Info: Redefining \ttfamily on input line 12290.
 [266]
LaTeX Info: Redefining \rmfamily on input line 12332.
LaTeX Info: Redefining \sffamily on input line 12332.
LaTeX Info: Redefining \ttfamily on input line 12332.
 [267]
LaTeX Info: Redefining \rmfamily on input line 12386.
LaTeX Info: Redefining \sffamily on input line 12386.
LaTeX Info: Redefining \ttfamily on input line 12386.
 [268]
LaTeX Info: Redefining \rmfamily on input line 12457.
LaTeX Info: Redefining \sffamily on input line 12457.
LaTeX Info: Redefining \ttfamily on input line 12457.
 [269]
LaTeX Info: Redefining \rmfamily on input line 12538.
LaTeX Info: Redefining \sffamily on input line 12538.
LaTeX Info: Redefining \ttfamily on input line 12538.
 [270]
File: optimal-control-tracking-step.png Graphic file (type bmp)
<optimal-control-tracking-step.png>
LaTeX Info: Redefining \rmfamily on input line 12597.
LaTeX Info: Redefining \sffamily on input line 12597.
LaTeX Info: Redefining \ttfamily on input line 12597.
 [271]
LaTeX Info: Redefining \rmfamily on input line 12637.
LaTeX Info: Redefining \sffamily on input line 12637.
LaTeX Info: Redefining \ttfamily on input line 12637.
 [272]
File: optimal-control-tracking-ramp.png Graphic file (type bmp)
<optimal-control-tracking-ramp.png>
LaTeX Info: Redefining \rmfamily on input line 12736.
LaTeX Info: Redefining \sffamily on input line 12736.
LaTeX Info: Redefining \ttfamily on input line 12736.

[273]
LaTeX Info: Redefining \rmfamily on input line 12774.
LaTeX Info: Redefining \sffamily on input line 12774.
LaTeX Info: Redefining \ttfamily on input line 12774.
 [274]
File: 96bc49ca3f4ae3ff186ced7e4c20eb6513b7e4cb9d9e312c8602411a4d6b4a4f.png Grap
hic file (type bmp)
<96bc49ca3f4ae3ff186ced7e4c20eb6513b7e4cb9d9e312c8602411a4d6b4a4f.png>
File: b1f4eac2ae6eba137f2e03301ee206fe9965b0a4cbe0d994cb0aa15e057c9a40.png Grap
hic file (type bmp)
<b1f4eac2ae6eba137f2e03301ee206fe9965b0a4cbe0d994cb0aa15e057c9a40.png>
LaTeX Info: Redefining \rmfamily on input line 12795.
LaTeX Info: Redefining \sffamily on input line 12795.
LaTeX Info: Redefining \ttfamily on input line 12795.
 [275]
LaTeX Info: Redefining \rmfamily on input line 12837.
LaTeX Info: Redefining \sffamily on input line 12837.
LaTeX Info: Redefining \ttfamily on input line 12837.
 [276]
File: cf39c7e9a16d1ed439d80b35bc5d64cb5c07cb9a2fd823f385d075ad17c5ada3.png Grap
hic file (type bmp)
<cf39c7e9a16d1ed439d80b35bc5d64cb5c07cb9a2fd823f385d075ad17c5ada3.png>
File: 3669ae3773a871ec121ef13174dcc603de54ed8bd766f61bf1a3c8be6ed35655.png Grap
hic file (type bmp)
<3669ae3773a871ec121ef13174dcc603de54ed8bd766f61bf1a3c8be6ed35655.png>
LaTeX Info: Redefining \rmfamily on input line 12863.
LaTeX Info: Redefining \sffamily on input line 12863.
LaTeX Info: Redefining \ttfamily on input line 12863.
 [277]
LaTeX Info: Redefining \rmfamily on input line 12916.
LaTeX Info: Redefining \sffamily on input line 12916.
LaTeX Info: Redefining \ttfamily on input line 12916.
 [278]
LaTeX Info: Redefining \rmfamily on input line 12922.
LaTeX Info: Redefining \sffamily on input line 12922.
LaTeX Info: Redefining \ttfamily on input line 12922.
 [279]
LaTeX Info: Redefining \rmfamily on input line 12922.
LaTeX Info: Redefining \sffamily on input line 12922.
LaTeX Info: Redefining \ttfamily on input line 12922.
 [280

]
Chapter 47.
[281]
LaTeX Info: Redefining \rmfamily on input line 12933.
LaTeX Info: Redefining \sffamily on input line 12933.
LaTeX Info: Redefining \ttfamily on input line 12933.
 [282

]
Chapter 48.
[283]
Underfull \hbox (badness 10000) in paragraph at lines 13016--13018
\TU/FreeSerif(0)/b/n/10 Plant model from mathworks. [][]$[][][][][] [] [] [] []
[][] [] [][][][][][][][][] [] [][][] [] [][][][] [] [][][][][][][] [] [][] []
 []

File: 82faac525b07a863d6767ed856fdfeeb80a4e355e51b43f9e0770e43a227f017.png Grap
hic file (type bmp)
<82faac525b07a863d6767ed856fdfeeb80a4e355e51b43f9e0770e43a227f017.png>
LaTeX Info: Redefining \rmfamily on input line 13044.
LaTeX Info: Redefining \sffamily on input line 13044.
LaTeX Info: Redefining \ttfamily on input line 13044.
[284]
File: 8dbf7fe50c28fe153796d3c5f58119a38bfe2b646a90288c60c4b2126d5e138c.png Grap
hic file (type bmp)
<8dbf7fe50c28fe153796d3c5f58119a38bfe2b646a90288c60c4b2126d5e138c.png>
LaTeX Info: Redefining \rmfamily on input line 13101.
LaTeX Info: Redefining \sffamily on input line 13101.
LaTeX Info: Redefining \ttfamily on input line 13101.
 [285]
File: 575abc206ee0ad5b76439d83f5080bece7e6cdb9b7775ed9d775777af2525d14.png Grap
hic file (type bmp)
<575abc206ee0ad5b76439d83f5080bece7e6cdb9b7775ed9d775777af2525d14.png>
LaTeX Info: Redefining \rmfamily on input line 13115.
LaTeX Info: Redefining \sffamily on input line 13115.
LaTeX Info: Redefining \ttfamily on input line 13115.
 [286]
File: 01731dd705df285eb478bd817bff4c8ca4de29367818625ab9d89b2987e119ec.png Grap
hic file (type bmp)
<01731dd705df285eb478bd817bff4c8ca4de29367818625ab9d89b2987e119ec.png>
LaTeX Info: Redefining \rmfamily on input line 13117.
LaTeX Info: Redefining \sffamily on input line 13117.
LaTeX Info: Redefining \ttfamily on input line 13117.
 [287]
File: 25ff965da5fae9681e4740632f94b86497d90d7603b8b41f1f5fbc30ea9a6051.png Grap
hic file (type bmp)
<25ff965da5fae9681e4740632f94b86497d90d7603b8b41f1f5fbc30ea9a6051.png>
LaTeX Info: Redefining \rmfamily on input line 13146.
LaTeX Info: Redefining \sffamily on input line 13146.
LaTeX Info: Redefining \ttfamily on input line 13146.
 [288]
File: aa4877005dbde0813490d08ee042868edc38dee19540c0c1587a83b0621382b2.png Grap
hic file (type bmp)
<aa4877005dbde0813490d08ee042868edc38dee19540c0c1587a83b0621382b2.png>
LaTeX Info: Redefining \rmfamily on input line 13208.
LaTeX Info: Redefining \sffamily on input line 13208.
LaTeX Info: Redefining \ttfamily on input line 13208.
 [289]
LaTeX Info: Redefining \rmfamily on input line 13280.
LaTeX Info: Redefining \sffamily on input line 13280.
LaTeX Info: Redefining \ttfamily on input line 13280.
 [290]
File: 2e0dca1466f04300cfb21662dbb2b95ea7dc8568fc6341abe81310f6746104d9.png Grap
hic file (type bmp)
<2e0dca1466f04300cfb21662dbb2b95ea7dc8568fc6341abe81310f6746104d9.png>
LaTeX Info: Redefining \rmfamily on input line 13359.
LaTeX Info: Redefining \sffamily on input line 13359.
LaTeX Info: Redefining \ttfamily on input line 13359.
 [291]
LaTeX Info: Redefining \rmfamily on input line 13392.
LaTeX Info: Redefining \sffamily on input line 13392.
LaTeX Info: Redefining \ttfamily on input line 13392.
 [292]
LaTeX Info: Redefining \rmfamily on input line 13487.
LaTeX Info: Redefining \sffamily on input line 13487.
LaTeX Info: Redefining \ttfamily on input line 13487.
 [293]
File: 1764bb50a395029c4192eba83e9471af5919e54052c95c11768aaf32f1133191.png Grap
hic file (type bmp)
<1764bb50a395029c4192eba83e9471af5919e54052c95c11768aaf32f1133191.png>
LaTeX Info: Redefining \rmfamily on input line 13525.
LaTeX Info: Redefining \sffamily on input line 13525.
LaTeX Info: Redefining \ttfamily on input line 13525.
 [294]
LaTeX Info: Redefining \rmfamily on input line 13627.
LaTeX Info: Redefining \sffamily on input line 13627.
LaTeX Info: Redefining \ttfamily on input line 13627.
 [295]
LaTeX Info: Redefining \rmfamily on input line 13697.
LaTeX Info: Redefining \sffamily on input line 13697.
LaTeX Info: Redefining \ttfamily on input line 13697.

[296]
File: 5fd656902f4941f9587f6ca74dd8fd87301f066ae188704999287241c7fb7fa2.png Grap
hic file (type bmp)
<5fd656902f4941f9587f6ca74dd8fd87301f066ae188704999287241c7fb7fa2.png>
LaTeX Info: Redefining \rmfamily on input line 13722.
LaTeX Info: Redefining \sffamily on input line 13722.
LaTeX Info: Redefining \ttfamily on input line 13722.
 [297]
LaTeX Info: Redefining \rmfamily on input line 13806.
LaTeX Info: Redefining \sffamily on input line 13806.
LaTeX Info: Redefining \ttfamily on input line 13806.
 [298]
LaTeX Info: Redefining \rmfamily on input line 13855.
LaTeX Info: Redefining \sffamily on input line 13855.
LaTeX Info: Redefining \ttfamily on input line 13855.
 [299]
File: dc47dbc535e91483c8a4fe336c3a5022d01c209786082a2de89c8f41cb35e78f.png Grap
hic file (type bmp)
<dc47dbc535e91483c8a4fe336c3a5022d01c209786082a2de89c8f41cb35e78f.png>
File: bb638d6222bdd5a87266e7d3e0e533a8f0013b4c4484abb7fc4068f5c42c8587.png Grap
hic file (type bmp)
<bb638d6222bdd5a87266e7d3e0e533a8f0013b4c4484abb7fc4068f5c42c8587.png>
LaTeX Info: Redefining \rmfamily on input line 13895.
LaTeX Info: Redefining \sffamily on input line 13895.
LaTeX Info: Redefining \ttfamily on input line 13895.
 [300]
LaTeX Info: Redefining \rmfamily on input line 13922.
LaTeX Info: Redefining \sffamily on input line 13922.
LaTeX Info: Redefining \ttfamily on input line 13922.
 [301]
LaTeX Info: Redefining \rmfamily on input line 14029.
LaTeX Info: Redefining \sffamily on input line 14029.
LaTeX Info: Redefining \ttfamily on input line 14029.
 [302]
LaTeX Info: Redefining \rmfamily on input line 14109.
LaTeX Info: Redefining \sffamily on input line 14109.
LaTeX Info: Redefining \ttfamily on input line 14109.
 [303]
LaTeX Info: Redefining \rmfamily on input line 14189.
LaTeX Info: Redefining \sffamily on input line 14189.
LaTeX Info: Redefining \ttfamily on input line 14189.
 [304]
LaTeX Info: Redefining \rmfamily on input line 14284.
LaTeX Info: Redefining \sffamily on input line 14284.
LaTeX Info: Redefining \ttfamily on input line 14284.
 [305]
File: cdc5beb59e4fa51c2878f03812f4258cb4e4f1883a9f2863c7c6fb4853844705.png Grap
hic file (type bmp)
<cdc5beb59e4fa51c2878f03812f4258cb4e4f1883a9f2863c7c6fb4853844705.png>
LaTeX Info: Redefining \rmfamily on input line 14298.
LaTeX Info: Redefining \sffamily on input line 14298.
LaTeX Info: Redefining \ttfamily on input line 14298.
 [306]
Overfull \vbox (1.53299pt too high) detected at line 14328
 []

LaTeX Info: Redefining \rmfamily on input line 14328.
LaTeX Info: Redefining \sffamily on input line 14328.
LaTeX Info: Redefining \ttfamily on input line 14328.
[307]
File: cd7031277482e0c68c14c4f0af3a2ee49d97db91e51629274371a251979b16a5.png Grap
hic file (type bmp)
<cd7031277482e0c68c14c4f0af3a2ee49d97db91e51629274371a251979b16a5.png>
LaTeX Info: Redefining \rmfamily on input line 14366.
LaTeX Info: Redefining \sffamily on input line 14366.
LaTeX Info: Redefining \ttfamily on input line 14366.
 [308]
LaTeX Info: Redefining \rmfamily on input line 14435.
LaTeX Info: Redefining \sffamily on input line 14435.
LaTeX Info: Redefining \ttfamily on input line 14435.
 [309]
File: 69eecdc64e4894af1a34dbfc3a10753aecc84037dd7cffd509f0918c9a168edb.png Grap
hic file (type bmp)
<69eecdc64e4894af1a34dbfc3a10753aecc84037dd7cffd509f0918c9a168edb.png>
LaTeX Info: Redefining \rmfamily on input line 14521.
LaTeX Info: Redefining \sffamily on input line 14521.
LaTeX Info: Redefining \ttfamily on input line 14521.
 [310]
Underfull \vbox (badness 10000) detected at line 14552
 []

LaTeX Info: Redefining \rmfamily on input line 14552.
LaTeX Info: Redefining \sffamily on input line 14552.
LaTeX Info: Redefining \ttfamily on input line 14552.
[311]
Overfull \vbox (0.78593pt too high) detected at line 14631
 []

LaTeX Info: Redefining \rmfamily on input line 14631.
LaTeX Info: Redefining \sffamily on input line 14631.
LaTeX Info: Redefining \ttfamily on input line 14631.
[312]
File: 27f93c53d16a722eb0ebd0be661b32fa763a2bc137931652b3372844d5ebf1da.png Grap
hic file (type bmp)
<27f93c53d16a722eb0ebd0be661b32fa763a2bc137931652b3372844d5ebf1da.png>
LaTeX Info: Redefining \rmfamily on input line 14639.
LaTeX Info: Redefining \sffamily on input line 14639.
LaTeX Info: Redefining \ttfamily on input line 14639.
 [313]
LaTeX Info: Redefining \rmfamily on input line 14645.
LaTeX Info: Redefining \sffamily on input line 14645.
LaTeX Info: Redefining \ttfamily on input line 14645.
 [314] [315

] [316]
Chapter 49.
[317

]
LaTeX Info: Redefining \rmfamily on input line 14815.
LaTeX Info: Redefining \sffamily on input line 14815.
LaTeX Info: Redefining \ttfamily on input line 14815.
 [318]
LaTeX Info: Redefining \rmfamily on input line 14835.
LaTeX Info: Redefining \sffamily on input line 14835.
LaTeX Info: Redefining \ttfamily on input line 14835.
 [319]
LaTeX Info: Redefining \rmfamily on input line 14835.
LaTeX Info: Redefining \sffamily on input line 14835.
LaTeX Info: Redefining \ttfamily on input line 14835.
 [320

]
Chapter 50.
[321]
LaTeX Info: Redefining \rmfamily on input line 14970.
LaTeX Info: Redefining \sffamily on input line 14970.
LaTeX Info: Redefining \ttfamily on input line 14970.
 [322]
LaTeX Info: Redefining \rmfamily on input line 14981.
LaTeX Info: Redefining \sffamily on input line 14981.
LaTeX Info: Redefining \ttfamily on input line 14981.
 [323]
LaTeX Info: Redefining \rmfamily on input line 14981.
LaTeX Info: Redefining \sffamily on input line 14981.
LaTeX Info: Redefining \ttfamily on input line 14981.
 [324

]
Chapter 51.
[325]
LaTeX Info: Redefining \rmfamily on input line 15024.
LaTeX Info: Redefining \sffamily on input line 15024.
LaTeX Info: Redefining \ttfamily on input line 15024.
 [326

]
Chapter 52.
[327]
LaTeX Info: Redefining \rmfamily on input line 15206.
LaTeX Info: Redefining \sffamily on input line 15206.
LaTeX Info: Redefining \ttfamily on input line 15206.
 [328]
LaTeX Info: Redefining \rmfamily on input line 15267.
LaTeX Info: Redefining \sffamily on input line 15267.
LaTeX Info: Redefining \ttfamily on input line 15267.
 [329]
LaTeX Info: Redefining \rmfamily on input line 15340.
LaTeX Info: Redefining \sffamily on input line 15340.
LaTeX Info: Redefining \ttfamily on input line 15340.
 [330]
LaTeX Info: Redefining \rmfamily on input line 15402.
LaTeX Info: Redefining \sffamily on input line 15402.
LaTeX Info: Redefining \ttfamily on input line 15402.
 [331]
LaTeX Info: Redefining \rmfamily on input line 15464.
LaTeX Info: Redefining \sffamily on input line 15464.
LaTeX Info: Redefining \ttfamily on input line 15464.
 [332]
LaTeX Info: Redefining \rmfamily on input line 15536.
LaTeX Info: Redefining \sffamily on input line 15536.
LaTeX Info: Redefining \ttfamily on input line 15536.
 [333]
LaTeX Info: Redefining \rmfamily on input line 15610.
LaTeX Info: Redefining \sffamily on input line 15610.
LaTeX Info: Redefining \ttfamily on input line 15610.
 [334]
LaTeX Info: Redefining \rmfamily on input line 15652.
LaTeX Info: Redefining \sffamily on input line 15652.
LaTeX Info: Redefining \ttfamily on input line 15652.
 [335]
LaTeX Info: Redefining \rmfamily on input line 15736.
LaTeX Info: Redefining \sffamily on input line 15736.
LaTeX Info: Redefining \ttfamily on input line 15736.
 [336]
LaTeX Info: Redefining \rmfamily on input line 15813.
LaTeX Info: Redefining \sffamily on input line 15813.
LaTeX Info: Redefining \ttfamily on input line 15813.
 [337]
LaTeX Info: Redefining \rmfamily on input line 15892.
LaTeX Info: Redefining \sffamily on input line 15892.
LaTeX Info: Redefining \ttfamily on input line 15892.
 [338]
LaTeX Info: Redefining \rmfamily on input line 15957.
LaTeX Info: Redefining \sffamily on input line 15957.
LaTeX Info: Redefining \ttfamily on input line 15957.

[339]
LaTeX Info: Redefining \rmfamily on input line 16035.
LaTeX Info: Redefining \sffamily on input line 16035.
LaTeX Info: Redefining \ttfamily on input line 16035.
 [340]
LaTeX Info: Redefining \rmfamily on input line 16086.
LaTeX Info: Redefining \sffamily on input line 16086.
LaTeX Info: Redefining \ttfamily on input line 16086.
 [341]
LaTeX Info: Redefining \rmfamily on input line 16162.
LaTeX Info: Redefining \sffamily on input line 16162.
LaTeX Info: Redefining \ttfamily on input line 16162.
 [342]
LaTeX Info: Redefining \rmfamily on input line 16220.
LaTeX Info: Redefining \sffamily on input line 16220.
LaTeX Info: Redefining \ttfamily on input line 16220.
 [343]
LaTeX Info: Redefining \rmfamily on input line 16310.
LaTeX Info: Redefining \sffamily on input line 16310.
LaTeX Info: Redefining \ttfamily on input line 16310.
 [344]
Overfull \hbox (184.34059pt too wide) detected at line 16367
[]
 []

LaTeX Info: Redefining \rmfamily on input line 16380.
LaTeX Info: Redefining \sffamily on input line 16380.
LaTeX Info: Redefining \ttfamily on input line 16380.
[345]
LaTeX Info: Redefining \rmfamily on input line 16482.
LaTeX Info: Redefining \sffamily on input line 16482.
LaTeX Info: Redefining \ttfamily on input line 16482.
 [346]
LaTeX Info: Redefining \rmfamily on input line 16544.
LaTeX Info: Redefining \sffamily on input line 16544.
LaTeX Info: Redefining \ttfamily on input line 16544.
 [347]
Overfull \hbox (43.95593pt too wide) detected at line 16574
[]
 []

LaTeX Info: Redefining \rmfamily on input line 16602.
LaTeX Info: Redefining \sffamily on input line 16602.
LaTeX Info: Redefining \ttfamily on input line 16602.
[348]
LaTeX Info: Redefining \rmfamily on input line 16647.
LaTeX Info: Redefining \sffamily on input line 16647.
LaTeX Info: Redefining \ttfamily on input line 16647.
 [349]
LaTeX Info: Redefining \rmfamily on input line 16745.
LaTeX Info: Redefining \sffamily on input line 16745.
LaTeX Info: Redefining \ttfamily on input line 16745.
 [350]
Overfull \hbox (31.09415pt too wide) detected at line 16814
[]
 []

LaTeX Info: Redefining \rmfamily on input line 16814.
LaTeX Info: Redefining \sffamily on input line 16814.
LaTeX Info: Redefining \ttfamily on input line 16814.
[351]
LaTeX Info: Redefining \rmfamily on input line 16867.
LaTeX Info: Redefining \sffamily on input line 16867.
LaTeX Info: Redefining \ttfamily on input line 16867.
 [352]
Overfull \hbox (188.81918pt too wide) detected at line 16910
[]
 []

LaTeX Info: Redefining \rmfamily on input line 16960.
LaTeX Info: Redefining \sffamily on input line 16960.
LaTeX Info: Redefining \ttfamily on input line 16960.
[353]
LaTeX Info: Redefining \rmfamily on input line 17034.
LaTeX Info: Redefining \sffamily on input line 17034.
LaTeX Info: Redefining \ttfamily on input line 17034.
 [354]
LaTeX Info: Redefining \rmfamily on input line 17105.
LaTeX Info: Redefining \sffamily on input line 17105.
LaTeX Info: Redefining \ttfamily on input line 17105.
 [355]
LaTeX Info: Redefining \rmfamily on input line 17215.
LaTeX Info: Redefining \sffamily on input line 17215.
LaTeX Info: Redefining \ttfamily on input line 17215.
 [356]
LaTeX Info: Redefining \rmfamily on input line 17288.
LaTeX Info: Redefining \sffamily on input line 17288.
LaTeX Info: Redefining \ttfamily on input line 17288.
 [357]
LaTeX Info: Redefining \rmfamily on input line 17365.
LaTeX Info: Redefining \sffamily on input line 17365.
LaTeX Info: Redefining \ttfamily on input line 17365.
 [358]
LaTeX Info: Redefining \rmfamily on input line 17448.
LaTeX Info: Redefining \sffamily on input line 17448.
LaTeX Info: Redefining \ttfamily on input line 17448.
 [359]
LaTeX Info: Redefining \rmfamily on input line 17544.
LaTeX Info: Redefining \sffamily on input line 17544.
LaTeX Info: Redefining \ttfamily on input line 17544.
 [360]
LaTeX Info: Redefining \rmfamily on input line 17625.
LaTeX Info: Redefining \sffamily on input line 17625.
LaTeX Info: Redefining \ttfamily on input line 17625.
 [361]
LaTeX Info: Redefining \rmfamily on input line 17686.
LaTeX Info: Redefining \sffamily on input line 17686.
LaTeX Info: Redefining \ttfamily on input line 17686.
 [362]
LaTeX Info: Redefining \rmfamily on input line 17743.
LaTeX Info: Redefining \sffamily on input line 17743.
LaTeX Info: Redefining \ttfamily on input line 17743.
 [363]
LaTeX Info: Redefining \rmfamily on input line 17809.
LaTeX Info: Redefining \sffamily on input line 17809.
LaTeX Info: Redefining \ttfamily on input line 17809.
 [364]
LaTeX Info: Redefining \rmfamily on input line 17873.
LaTeX Info: Redefining \sffamily on input line 17873.
LaTeX Info: Redefining \ttfamily on input line 17873.

[365]
LaTeX Info: Redefining \rmfamily on input line 17928.
LaTeX Info: Redefining \sffamily on input line 17928.
LaTeX Info: Redefining \ttfamily on input line 17928.
 [366]
LaTeX Info: Redefining \rmfamily on input line 18009.
LaTeX Info: Redefining \sffamily on input line 18009.
LaTeX Info: Redefining \ttfamily on input line 18009.
 [367]
LaTeX Info: Redefining \rmfamily on input line 18087.
LaTeX Info: Redefining \sffamily on input line 18087.
LaTeX Info: Redefining \ttfamily on input line 18087.
 [368]
LaTeX Info: Redefining \rmfamily on input line 18146.
LaTeX Info: Redefining \sffamily on input line 18146.
LaTeX Info: Redefining \ttfamily on input line 18146.
 [369]
LaTeX Info: Redefining \rmfamily on input line 18192.
LaTeX Info: Redefining \sffamily on input line 18192.
LaTeX Info: Redefining \ttfamily on input line 18192.
 [370]
LaTeX Info: Redefining \rmfamily on input line 18272.
LaTeX Info: Redefining \sffamily on input line 18272.
LaTeX Info: Redefining \ttfamily on input line 18272.
 [371]
LaTeX Info: Redefining \rmfamily on input line 18360.
LaTeX Info: Redefining \sffamily on input line 18360.
LaTeX Info: Redefining \ttfamily on input line 18360.
 [372]
LaTeX Info: Redefining \rmfamily on input line 18445.
LaTeX Info: Redefining \sffamily on input line 18445.
LaTeX Info: Redefining \ttfamily on input line 18445.
 [373]
LaTeX Info: Redefining \rmfamily on input line 18511.
LaTeX Info: Redefining \sffamily on input line 18511.
LaTeX Info: Redefining \ttfamily on input line 18511.
 [374]
LaTeX Info: Redefining \rmfamily on input line 18608.
LaTeX Info: Redefining \sffamily on input line 18608.
LaTeX Info: Redefining \ttfamily on input line 18608.
 [375]
LaTeX Info: Redefining \rmfamily on input line 18691.
LaTeX Info: Redefining \sffamily on input line 18691.
LaTeX Info: Redefining \ttfamily on input line 18691.
 [376]
LaTeX Info: Redefining \rmfamily on input line 18774.
LaTeX Info: Redefining \sffamily on input line 18774.
LaTeX Info: Redefining \ttfamily on input line 18774.

[377]
LaTeX Info: Redefining \rmfamily on input line 18847.
LaTeX Info: Redefining \sffamily on input line 18847.
LaTeX Info: Redefining \ttfamily on input line 18847.
 [378]
Overfull \hbox (1.81009pt too wide) detected at line 18854
[]
 []

LaTeX Info: Redefining \rmfamily on input line 18912.
LaTeX Info: Redefining \sffamily on input line 18912.
LaTeX Info: Redefining \ttfamily on input line 18912.
[379]
LaTeX Info: Redefining \rmfamily on input line 18972.
LaTeX Info: Redefining \sffamily on input line 18972.
LaTeX Info: Redefining \ttfamily on input line 18972.
 [380]
LaTeX Info: Redefining \rmfamily on input line 19028.
LaTeX Info: Redefining \sffamily on input line 19028.
LaTeX Info: Redefining \ttfamily on input line 19028.
 [381]
LaTeX Info: Redefining \rmfamily on input line 19087.
LaTeX Info: Redefining \sffamily on input line 19087.
LaTeX Info: Redefining \ttfamily on input line 19087.
 [382]
LaTeX Info: Redefining \rmfamily on input line 19165.
LaTeX Info: Redefining \sffamily on input line 19165.
LaTeX Info: Redefining \ttfamily on input line 19165.
 [383]
LaTeX Info: Redefining \rmfamily on input line 19233.
LaTeX Info: Redefining \sffamily on input line 19233.
LaTeX Info: Redefining \ttfamily on input line 19233.
 [384]
LaTeX Info: Redefining \rmfamily on input line 19288.
LaTeX Info: Redefining \sffamily on input line 19288.
LaTeX Info: Redefining \ttfamily on input line 19288.
 [385]

Package hyperref Warning: Token not allowed in a PDF string (Unicode):
(hyperref)                removing `math shift' on input line 19288.


Package hyperref Warning: Token not allowed in a PDF string (Unicode):
(hyperref)                removing `subscript' on input line 19288.


Package hyperref Warning: Token not allowed in a PDF string (Unicode):
(hyperref)                removing `subscript' on input line 19288.

File: 62f09820879672509761278e8a76e8c744cc70b0b4bd8721667cf69d4d489dd1.png Grap
hic file (type bmp)
<62f09820879672509761278e8a76e8c744cc70b0b4bd8721667cf69d4d489dd1.png>
File: 927184ccb33f28ec505b4b577ad463e1502ad0bd744ff89ef0062b1cb57e779c.png Grap
hic file (type bmp)
<927184ccb33f28ec505b4b577ad463e1502ad0bd744ff89ef0062b1cb57e779c.png>

Package hyperref Warning: Token not allowed in a PDF string (Unicode):
(hyperref)                removing `math shift' on input line 19318.


Package hyperref Warning: Token not allowed in a PDF string (Unicode):
(hyperref)                removing `subscript' on input line 19318.


Package hyperref Warning: Token not allowed in a PDF string (Unicode):
(hyperref)                removing `subscript' on input line 19318.

File: 65f7878e97b08545f51712ca23841eba1df11ffe12d3abcacf89c43b7f787cb4.png Grap
hic file (type bmp)
<65f7878e97b08545f51712ca23841eba1df11ffe12d3abcacf89c43b7f787cb4.png>
LaTeX Info: Redefining \rmfamily on input line 19333.
LaTeX Info: Redefining \sffamily on input line 19333.
LaTeX Info: Redefining \ttfamily on input line 19333.
[386]
File: 4f920562eaa78bae529cf1d365558cc95051476b969341dc94a333519470b380.png Grap
hic file (type bmp)
<4f920562eaa78bae529cf1d365558cc95051476b969341dc94a333519470b380.png>
LaTeX Info: Redefining \rmfamily on input line 19377.
LaTeX Info: Redefining \sffamily on input line 19377.
LaTeX Info: Redefining \ttfamily on input line 19377.
 [387]

Package hyperref Warning: Token not allowed in a PDF string (Unicode):
(hyperref)                removing `math shift' on input line 19381.


Package hyperref Warning: Token not allowed in a PDF string (Unicode):
(hyperref)                removing `subscript' on input line 19381.


Package hyperref Warning: Token not allowed in a PDF string (Unicode):
(hyperref)                removing `subscript' on input line 19381.

File: 2e7bc7cbcedeef60b69d11a70e48e43e2c721827a1564b49aad01f8ddb1c611a.png Grap
hic file (type bmp)
<2e7bc7cbcedeef60b69d11a70e48e43e2c721827a1564b49aad01f8ddb1c611a.png>

Package hyperref Warning: Token not allowed in a PDF string (Unicode):
(hyperref)                removing `math shift' on input line 19394.

File: 49298c4710404421e8e9130890fa19d3f528d55ac972bf3bf74cb2f9f5cef152.png Grap
hic file (type bmp)
<49298c4710404421e8e9130890fa19d3f528d55ac972bf3bf74cb2f9f5cef152.png>
LaTeX Info: Redefining \rmfamily on input line 19407.
LaTeX Info: Redefining \sffamily on input line 19407.
LaTeX Info: Redefining \ttfamily on input line 19407.
[388]

Package hyperref Warning: Token not allowed in a PDF string (Unicode):
(hyperref)                removing `math shift' on input line 19407.


Package hyperref Warning: Token not allowed in a PDF string (Unicode):
(hyperref)                removing `subscript' on input line 19407.


Package hyperref Warning: Token not allowed in a PDF string (Unicode):
(hyperref)                removing `subscript' on input line 19407.

File: 94c409540621c4ccbf8bf66c74bb9d82adb00a82325c5dbe30baa8b0356af42f.png Grap
hic file (type bmp)
<94c409540621c4ccbf8bf66c74bb9d82adb00a82325c5dbe30baa8b0356af42f.png>

Package hyperref Warning: Token not allowed in a PDF string (Unicode):
(hyperref)                removing `math shift' on input line 19420.


Package hyperref Warning: Token not allowed in a PDF string (Unicode):
(hyperref)                removing `subscript' on input line 19420.


Package hyperref Warning: Token not allowed in a PDF string (Unicode):
(hyperref)                removing `subscript' on input line 19420.

File: bc5d527e55e10c198275dabf9ebd66291ed7b48d8d0a767e46e0833056a5a736.png Grap
hic file (type bmp)
<bc5d527e55e10c198275dabf9ebd66291ed7b48d8d0a767e46e0833056a5a736.png>
File: 4f4dada3a4b1ff53ea6864f1345718fcc8d12669941012a11d0e12af7de44594.png Grap
hic file (type bmp)
<4f4dada3a4b1ff53ea6864f1345718fcc8d12669941012a11d0e12af7de44594.png>
LaTeX Info: Redefining \rmfamily on input line 19438.
LaTeX Info: Redefining \sffamily on input line 19438.
LaTeX Info: Redefining \ttfamily on input line 19438.
[389]
File: 20c0e74ee2e77dde5f930b328be2cbfc39bb6bfe955a967a13e5390f03cf8739.png Grap
hic file (type bmp)
<20c0e74ee2e77dde5f930b328be2cbfc39bb6bfe955a967a13e5390f03cf8739.png>
File: 08477f05fc22d95e8efba57fa7b1050027e3a6e78bd83bbc94e7db901dc4f03a.png Grap
hic file (type bmp)
<08477f05fc22d95e8efba57fa7b1050027e3a6e78bd83bbc94e7db901dc4f03a.png>
LaTeX Info: Redefining \rmfamily on input line 19466.
LaTeX Info: Redefining \sffamily on input line 19466.
LaTeX Info: Redefining \ttfamily on input line 19466.
 [390]
Chapter 53.

Overfull \hbox (15.77612pt too wide) detected at line 19530
[]
 []

[391

]
LaTeX Info: Redefining \rmfamily on input line 19537.
LaTeX Info: Redefining \sffamily on input line 19537.
LaTeX Info: Redefining \ttfamily on input line 19537.
 [392]
Chapter 54.
[393

]
LaTeX Info: Redefining \rmfamily on input line 19656.
LaTeX Info: Redefining \sffamily on input line 19656.
LaTeX Info: Redefining \ttfamily on input line 19656.
 [394]
Chapter 55.
[395

]
LaTeX Info: Redefining \rmfamily on input line 19718.
LaTeX Info: Redefining \sffamily on input line 19718.
LaTeX Info: Redefining \ttfamily on input line 19718.
 [396] [397

] [398]
Chapter 56.
[399

]
LaTeX Info: Redefining \rmfamily on input line 19849.
LaTeX Info: Redefining \sffamily on input line 19849.
LaTeX Info: Redefining \ttfamily on input line 19849.
 [400]
LaTeX Info: Redefining \rmfamily on input line 19926.
LaTeX Info: Redefining \sffamily on input line 19926.
LaTeX Info: Redefining \ttfamily on input line 19926.
 [401]
LaTeX Info: Redefining \rmfamily on input line 19948.
LaTeX Info: Redefining \sffamily on input line 19948.
LaTeX Info: Redefining \ttfamily on input line 19948.
 [402]
Chapter 57.
[403

]
LaTeX Info: Redefining \rmfamily on input line 20090.
LaTeX Info: Redefining \sffamily on input line 20090.
LaTeX Info: Redefining \ttfamily on input line 20090.
 [404]
LaTeX Info: Redefining \rmfamily on input line 20147.
LaTeX Info: Redefining \sffamily on input line 20147.
LaTeX Info: Redefining \ttfamily on input line 20147.
 [405]
LaTeX Info: Redefining \rmfamily on input line 20227.
LaTeX Info: Redefining \sffamily on input line 20227.
LaTeX Info: Redefining \ttfamily on input line 20227.
 [406]
File: 8a3da01e8d89f3eee1bb1bd39d2382539cd64ef7ff5cc1eaac915f9a94dd79ab.png Grap
hic file (type bmp)
<8a3da01e8d89f3eee1bb1bd39d2382539cd64ef7ff5cc1eaac915f9a94dd79ab.png>
LaTeX Info: Redefining \rmfamily on input line 20254.
LaTeX Info: Redefining \sffamily on input line 20254.
LaTeX Info: Redefining \ttfamily on input line 20254.
 [407]
LaTeX Info: Redefining \rmfamily on input line 20285.
LaTeX Info: Redefining \sffamily on input line 20285.
LaTeX Info: Redefining \ttfamily on input line 20285.
 [408]
Chapter 58.
[409

]
LaTeX Info: Redefining \rmfamily on input line 20420.
LaTeX Info: Redefining \sffamily on input line 20420.
LaTeX Info: Redefining \ttfamily on input line 20420.
 [410]
LaTeX Info: Redefining \rmfamily on input line 20464.
LaTeX Info: Redefining \sffamily on input line 20464.
LaTeX Info: Redefining \ttfamily on input line 20464.
 [411]
LaTeX Info: Redefining \rmfamily on input line 20532.
LaTeX Info: Redefining \sffamily on input line 20532.
LaTeX Info: Redefining \ttfamily on input line 20532.
 [412]
File: a03857d95245fb973a1f534b689541e692a38dacb60def45f0a4c3ab22901d56.png Grap
hic file (type bmp)
<a03857d95245fb973a1f534b689541e692a38dacb60def45f0a4c3ab22901d56.png>
LaTeX Info: Redefining \rmfamily on input line 20581.
LaTeX Info: Redefining \sffamily on input line 20581.
LaTeX Info: Redefining \ttfamily on input line 20581.
 [413]
LaTeX Info: Redefining \rmfamily on input line 20709.
LaTeX Info: Redefining \sffamily on input line 20709.
LaTeX Info: Redefining \ttfamily on input line 20709.
 [414]
LaTeX Info: Redefining \rmfamily on input line 20805.
LaTeX Info: Redefining \sffamily on input line 20805.
LaTeX Info: Redefining \ttfamily on input line 20805.
 [415]
LaTeX Info: Redefining \rmfamily on input line 20889.
LaTeX Info: Redefining \sffamily on input line 20889.
LaTeX Info: Redefining \ttfamily on input line 20889.
 [416]
LaTeX Info: Redefining \rmfamily on input line 20970.
LaTeX Info: Redefining \sffamily on input line 20970.
LaTeX Info: Redefining \ttfamily on input line 20970.
 [417]
LaTeX Info: Redefining \rmfamily on input line 21050.
LaTeX Info: Redefining \sffamily on input line 21050.
LaTeX Info: Redefining \ttfamily on input line 21050.
 [418]
LaTeX Info: Redefining \rmfamily on input line 21119.
LaTeX Info: Redefining \sffamily on input line 21119.
LaTeX Info: Redefining \ttfamily on input line 21119.
 [419]
LaTeX Info: Redefining \rmfamily on input line 21258.
LaTeX Info: Redefining \sffamily on input line 21258.
LaTeX Info: Redefining \ttfamily on input line 21258.
 [420]
LaTeX Info: Redefining \rmfamily on input line 21379.
LaTeX Info: Redefining \sffamily on input line 21379.
LaTeX Info: Redefining \ttfamily on input line 21379.

[421]
LaTeX Info: Redefining \rmfamily on input line 21458.
LaTeX Info: Redefining \sffamily on input line 21458.
LaTeX Info: Redefining \ttfamily on input line 21458.
 [422]
LaTeX Info: Redefining \rmfamily on input line 21526.
LaTeX Info: Redefining \sffamily on input line 21526.
LaTeX Info: Redefining \ttfamily on input line 21526.
 [423]
LaTeX Info: Redefining \rmfamily on input line 21526.
LaTeX Info: Redefining \sffamily on input line 21526.
LaTeX Info: Redefining \ttfamily on input line 21526.
 [424

]
Chapter 59.
[425]
LaTeX Info: Redefining \rmfamily on input line 21531.
LaTeX Info: Redefining \sffamily on input line 21531.
LaTeX Info: Redefining \ttfamily on input line 21531.
 [426

] [427] [428]
Chapter 60.
[429

]
LaTeX Info: Redefining \rmfamily on input line 21677.
LaTeX Info: Redefining \sffamily on input line 21677.
LaTeX Info: Redefining \ttfamily on input line 21677.
 [430]
LaTeX Info: Redefining \rmfamily on input line 21742.
LaTeX Info: Redefining \sffamily on input line 21742.
LaTeX Info: Redefining \ttfamily on input line 21742.
 [431]
LaTeX Info: Redefining \rmfamily on input line 21799.
LaTeX Info: Redefining \sffamily on input line 21799.
LaTeX Info: Redefining \ttfamily on input line 21799.
 [432] [433

] [434]
Chapter 61.
[435

]
LaTeX Info: Redefining \rmfamily on input line 21901.
LaTeX Info: Redefining \sffamily on input line 21901.
LaTeX Info: Redefining \ttfamily on input line 21901.
 [436] [437

] [438]
Chapter 62.
[439

]
LaTeX Info: Redefining \rmfamily on input line 21911.
LaTeX Info: Redefining \sffamily on input line 21911.
LaTeX Info: Redefining \ttfamily on input line 21911.
 [440

]
Chapter 63.
[441]
LaTeX Info: Redefining \rmfamily on input line 22056.
LaTeX Info: Redefining \sffamily on input line 22056.
LaTeX Info: Redefining \ttfamily on input line 22056.
 [442]

Package hyperref Warning: Token not allowed in a PDF string (Unicode):
(hyperref)                removing `math shift' on input line 22091.

LaTeX Info: Redefining \rmfamily on input line 22127.
LaTeX Info: Redefining \sffamily on input line 22127.
LaTeX Info: Redefining \ttfamily on input line 22127.
[443]
LaTeX Info: Redefining \rmfamily on input line 22206.
LaTeX Info: Redefining \sffamily on input line 22206.
LaTeX Info: Redefining \ttfamily on input line 22206.
 [444]
LaTeX Info: Redefining \rmfamily on input line 22256.
LaTeX Info: Redefining \sffamily on input line 22256.
LaTeX Info: Redefining \ttfamily on input line 22256.
 [445]
LaTeX Info: Redefining \rmfamily on input line 22325.
LaTeX Info: Redefining \sffamily on input line 22325.
LaTeX Info: Redefining \ttfamily on input line 22325.
 [446]
LaTeX Info: Redefining \rmfamily on input line 22360.
LaTeX Info: Redefining \sffamily on input line 22360.
LaTeX Info: Redefining \ttfamily on input line 22360.
 [447]
LaTeX Info: Redefining \rmfamily on input line 22360.
LaTeX Info: Redefining \sffamily on input line 22360.
LaTeX Info: Redefining \ttfamily on input line 22360.
 [448

]
Chapter 64.
[449]
LaTeX Info: Redefining \rmfamily on input line 22497.
LaTeX Info: Redefining \sffamily on input line 22497.
LaTeX Info: Redefining \ttfamily on input line 22497.
 [450]
LaTeX Info: Redefining \rmfamily on input line 22564.
LaTeX Info: Redefining \sffamily on input line 22564.
LaTeX Info: Redefining \ttfamily on input line 22564.
 [451]
LaTeX Info: Redefining \rmfamily on input line 22564.
LaTeX Info: Redefining \sffamily on input line 22564.
LaTeX Info: Redefining \ttfamily on input line 22564.
 [452

]
Chapter 65.
[453]
LaTeX Info: Redefining \rmfamily on input line 22775.
LaTeX Info: Redefining \sffamily on input line 22775.
LaTeX Info: Redefining \ttfamily on input line 22775.
 [454]
LaTeX Info: Redefining \rmfamily on input line 22846.
LaTeX Info: Redefining \sffamily on input line 22846.
LaTeX Info: Redefining \ttfamily on input line 22846.
 [455]

Package hyperref Warning: Token not allowed in a PDF string (Unicode):
(hyperref)                removing `math shift' on input line 22846.

LaTeX Info: Redefining \rmfamily on input line 22910.
LaTeX Info: Redefining \sffamily on input line 22910.
LaTeX Info: Redefining \ttfamily on input line 22910.
[456]
LaTeX Info: Redefining \rmfamily on input line 22969.
LaTeX Info: Redefining \sffamily on input line 22969.
LaTeX Info: Redefining \ttfamily on input line 22969.
 [457]
LaTeX Info: Redefining \rmfamily on input line 22969.
LaTeX Info: Redefining \sffamily on input line 22969.
LaTeX Info: Redefining \ttfamily on input line 22969.
 [458

]
Chapter 66.
[459]
LaTeX Info: Redefining \rmfamily on input line 23065.
LaTeX Info: Redefining \sffamily on input line 23065.
LaTeX Info: Redefining \ttfamily on input line 23065.
 [460]
Underfull \hbox (badness 10000) in paragraph at lines 23068--23069
[]\TU/FreeMono(0)/m/n/10 cartesian:divergence:vector \TU/FreeSerif(0)/m/n/10 (\
TU/FreeSerif(0)/m/it/10 ch/tensor-
 []


Underfull \hbox (badness 10000) in paragraph at lines 23068--23069
\TU/FreeSerif(0)/m/it/10 algebra-calculus/calculus-euclidean-cartesian\TU/FreeS
erif(0)/m/n/10 ),
 []


Underfull \hbox (badness 10000) in paragraph at lines 23074--23075
[]\TU/FreeMono(0)/m/n/10 control-optimal-riccati \TU/FreeSerif(0)/m/n/10 (\TU/F
reeSerif(0)/m/it/10 ch/control/optimal-
 []


Underfull \hbox (badness 10000) in paragraph at lines 23083--23084
[]\TU/FreeMono(0)/m/n/10 def-tensor-isotropic \TU/FreeSerif(0)/m/n/10 (\TU/Free
Serif(0)/m/it/10 ch/tensor-algebra-
 []


Underfull \hbox (badness 10000) in paragraph at lines 23086--23087
[]\TU/FreeMono(0)/m/n/10 def:controllability-gramian \TU/FreeSerif(0)/m/n/10 (\
TU/FreeSerif(0)/m/it/10 ch/system-
 []


Underfull \hbox (badness 10000) in paragraph at lines 23089--23090
[]\TU/FreeMono(0)/m/n/10 def:observability-gramian \TU/FreeSerif(0)/m/n/10 (\TU
/FreeSerif(0)/m/it/10 ch/system-
 []


Underfull \hbox (badness 10000) in paragraph at lines 23098--23099
[]\TU/FreeMono(0)/m/n/10 definition-0 \TU/FreeSerif(0)/m/n/10 (\TU/FreeSerif(0)
/m/it/10 ch/tensor-algebra-calculus/calculus-
 []


Underfull \hbox (badness 10000) in paragraph at lines 23101--23102
[]\TU/FreeMono(0)/m/n/10 definition-1 \TU/FreeSerif(0)/m/n/10 (\TU/FreeSerif(0)
/m/it/10 ch/tensor-algebra-calculus/calculus-
 []


Underfull \hbox (badness 10000) in paragraph at lines 23104--23105
[]\TU/FreeMono(0)/m/n/10 definition-2 \TU/FreeSerif(0)/m/n/10 (\TU/FreeSerif(0)
/m/it/10 ch/tensor-algebra-calculus/calculus-
 []


Underfull \hbox (badness 10000) in paragraph at lines 23107--23108
[]\TU/FreeMono(0)/m/n/10 definition-3 \TU/FreeSerif(0)/m/n/10 (\TU/FreeSerif(0)
/m/it/10 ch/tensor-algebra-calculus/calculus-
 []


Underfull \hbox (badness 10000) in paragraph at lines 23119--23120
[]\TU/FreeMono(0)/m/n/10 example-0 \TU/FreeSerif(0)/m/n/10 (\TU/FreeSerif(0)/m/
it/10 ch/tensor-algebra-calculus/calculus-
 []


Underfull \hbox (badness 10000) in paragraph at lines 23122--23123
[]\TU/FreeMono(0)/m/n/10 example-1 \TU/FreeSerif(0)/m/n/10 (\TU/FreeSerif(0)/m/
it/10 ch/tensor-algebra-calculus/calculus-
 []


Underfull \hbox (badness 10000) in paragraph at lines 23125--23126
[]\TU/FreeMono(0)/m/n/10 example-10 \TU/FreeSerif(0)/m/n/10 (\TU/FreeSerif(0)/m
/it/10 ch/tensor-algebra-calculus/calculus-
 []


Underfull \hbox (badness 10000) in paragraph at lines 23128--23129
[]\TU/FreeMono(0)/m/n/10 example-2 \TU/FreeSerif(0)/m/n/10 (\TU/FreeSerif(0)/m/
it/10 ch/tensor-algebra-calculus/calculus-
 []


Underfull \hbox (badness 10000) in paragraph at lines 23131--23132
[]\TU/FreeMono(0)/m/n/10 example-3 \TU/FreeSerif(0)/m/n/10 (\TU/FreeSerif(0)/m/
it/10 ch/tensor-algebra-calculus/calculus-
 []


Underfull \hbox (badness 10000) in paragraph at lines 23134--23135
[]\TU/FreeMono(0)/m/n/10 example-4 \TU/FreeSerif(0)/m/n/10 (\TU/FreeSerif(0)/m/
it/10 ch/tensor-algebra-calculus/calculus-
 []

[461


]
Underfull \hbox (badness 10000) in paragraph at lines 23137--23138
[]\TU/FreeMono(0)/m/n/10 example-5 \TU/FreeSerif(0)/m/n/10 (\TU/FreeSerif(0)/m/
it/10 ch/tensor-algebra-calculus/calculus-
 []


Underfull \hbox (badness 10000) in paragraph at lines 23140--23141
[]\TU/FreeMono(0)/m/n/10 example-6 \TU/FreeSerif(0)/m/n/10 (\TU/FreeSerif(0)/m/
it/10 ch/tensor-algebra-calculus/calculus-
 []


Underfull \hbox (badness 10000) in paragraph at lines 23143--23144
[]\TU/FreeMono(0)/m/n/10 example-7 \TU/FreeSerif(0)/m/n/10 (\TU/FreeSerif(0)/m/
it/10 ch/tensor-algebra-calculus/calculus-
 []


Underfull \hbox (badness 10000) in paragraph at lines 23146--23147
[]\TU/FreeMono(0)/m/n/10 example-8 \TU/FreeSerif(0)/m/n/10 (\TU/FreeSerif(0)/m/
it/10 ch/tensor-algebra-calculus/calculus-
 []


Underfull \hbox (badness 10000) in paragraph at lines 23149--23150
[]\TU/FreeMono(0)/m/n/10 example-9 \TU/FreeSerif(0)/m/n/10 (\TU/FreeSerif(0)/m/
it/10 ch/tensor-algebra-calculus/calculus-
 []


Underfull \hbox (badness 10000) in paragraph at lines 23161--23162
[]\TU/FreeMono(0)/m/n/10 matrix-stability-spectrum \TU/FreeSerif(0)/m/n/10 (\TU
/FreeSerif(0)/m/it/10 ch/system-
 []


Underfull \hbox (badness 10000) in paragraph at lines 23164--23165
[]\TU/FreeMono(0)/m/n/10 optimization:hessian:extreme
 []


Underfull \hbox (badness 10000) in paragraph at lines 23197--23198
[]\TU/FreeMono(0)/m/n/10 svd-optimization-norm \TU/FreeSerif(0)/m/n/10 (\TU/Fre
eSerif(0)/m/it/10 ch/linear-algebra/svd\TU/FreeSerif(0)/m/n/10 ),
 []


Underfull \hbox (badness 10000) in paragraph at lines 23215--23216
[]\TU/FreeMono(0)/m/n/10 thm-shannon-nyquist \TU/FreeSerif(0)/m/n/10 (\TU/FreeS
erif(0)/m/it/10 ch/complex/fourier-
 []


Underfull \hbox (badness 10000) in paragraph at lines 23221--23222
[]\TU/FreeMono(0)/m/n/10 transform:fourier:convolution
 []

LaTeX Info: Redefining \rmfamily on input line 23222.
LaTeX Info: Redefining \sffamily on input line 23222.
LaTeX Info: Redefining \ttfamily on input line 23222.
[462] (./book.ind)
The property list \polyglossia@langsetup contains the pairs (without outer
braces):
>  {latex/script}  =>  {latin}
>  {latex/lcscript}  =>  {latin}
>  {latex/scripttag}  =>  {}
>  {latex/language}  =>  {Latex}
>  {latex/langtag}  =>  {ENG}
>  {latex/bcp47}  =>  {}
>  {latex/hyphennames}  =>  {english}
>  {latex/direction}  =>  {LR}
>  {latex/hyphenmins}  =>  {2,3}
>  {latex/frenchspacing}  =>  {false}
>  {latex/indentfirst}  =>  {false}
>  {latex/fontsetup}  =>  {true}
>  {latex/envname}  =>  {latex}
>  {latex/babelname}  =>  {latex}
>  {latex/localnumeral}  =>  {polyglossia@C@localnumeral}
>  {latex/Localnumeral}  =>  {polyglossia@C@localnumeral}
>  {english/script}  =>  {latin}
>  {english/lcscript}  =>  {latin}
>  {english/scripttag}  =>  {}
>  {english/language}  =>  {English}
>  {english/langtag}  =>  {ENG}
>  {english/bcp47}  =>  {en-US}
>  {english/hyphennames}  =>  {english,american,usenglish,USenglish}
>  {english/direction}  =>  {LR}
>  {english/hyphenmins}  =>  {2,3}
>  {english/frenchspacing}  =>  {false}
>  {english/indentfirst}  =>  {false}
>  {english/fontsetup}  =>  {true}
>  {english/envname}  =>  {english}
>  {english/babelname}  =>  {american}
>  {english/localnumeral}  =>  {polyglossia@C@localnumeral}
>  {english/Localnumeral}  =>  {polyglossia@C@localnumeral}.
Package atveryend Info: Empty hook `BeforeClearDocument' on input line 23226.
Package atveryend Info: Empty hook `AfterLastShipout' on input line 23226.
 (./book.aux
LaTeX Info: Redefining \rmfamily on input line 19.
LaTeX Info: Redefining \sffamily on input line 19.
LaTeX Info: Redefining \ttfamily on input line 19.
)
Package atveryend Info: Empty hook `AtVeryEndDocument' on input line 23226.
Package atveryend Info: Executing hook `AtEndAfterFileList' on input line 23226
.
Package rerunfilecheck Info: File `book.out' has not changed.
(rerunfilecheck)             Checksum: D1FDB6D4F9C8C4B2D8BC0651C6BDB42E;58688.
 ) 
Here is how much of TeX's memory you used:
 44098 strings out of 481789
 1054719 string characters out of 5937152
 1857961 words of memory out of 5000000
 60198 multiletter control sequences out of 15000+600000
 542811 words of font info for 153 fonts, out of 8000000 for 9000
 15 hyphenation exceptions out of 8191
 71i,33n,109p,1193b,2275s stack positions out of 5000i,500n,10000p,200000b,80000s

Output written on book.pdf (472 pages).
